{"type":"FeatureCollection","features":[{"type":"Feature","geometry":{"type":"Point","coordinates":[-83.15332,34.28493]},"properties":{"brand":"Flock Safety","zone":"","osm":9232283}},{"type":"Feature","geometry":{"type":"Point","coordinates":[-82.01787,26.6522]},"properties":{"brand":"Flock Safety","zone":"","osm":11008055}},{"type":"Feature","geometry":{"type":"Point","coordinates":[-101.92019,35.16164]},"properties":{"brand":"Flock Safety","zone":"traffic","osm":31431226}},{"type":"Feature","geometry":{"type":"Point","coordinates":[-122.1526,37.61797]},"properties":{"brand":"Bay Area Toll Authority","zone":"traffic","osm":33219729}},{"type":"Feature","geometry":{"type":"Point","coordinates":[-123.04904,44.06958]},"properties":{"brand":"Flock Safety","zone":"","osm":40057409}},{"type":"Feature","geometry":{"type":"Point","coordinates":[-73.90242,42.63231]},"properties":{"brand":"motorola","zone":"street","osm":41308092}},{"type":"Feature","geometry":{"type":"Point","coordinates":[-112.64783,33.03045]},"properties":{"brand":"Flock Safety","zone":"","osm":41878496}},{"type":"Feature","geometry":{"type":"Point","coordinates":[-74.17078,40.54181]},"properties":{"brand":"Ekin Box Spotter","zone":"traffic","osm":43017177}},{"type":"Feature","geometry":{"type":"Point","coordinates":[-105.13813,40.62714]},"properties":{"brand":"Flock Safety","zone":"","osm":51080371}},{"type":"Feature","geometry":{"type":"Point","coordinates":[-87.68309,30.27553]},"properties":{"brand":"Flock Safety","zone":"traffic","osm":51968727}},{"type":"Feature","geometry":{"type":"Point","coordinates":[-88.02128,36.45317]},"properties":{"brand":"Flock Safety","zone":"","osm":53819917}},{"type":"Feature","geometry":{"type":"Point","coordinates":[-86.59985,33.57397]},"properties":{"brand":"ALPR","zone":"","osm":56299443}},{"type":"Feature","geometry":{"type":"Point","coordinates":[-120.75536,40.41119]},"properties":{"brand":"ALPR","zone":"street","osm":58343898}},{"type":"Feature","geometry":{"type":"Point","coordinates":[-71.47362,43.08518]},"properties":{"brand":"New Hampshire Bureau of Turnpikes","zone":"traffic","osm":60434388}},{"type":"Feature","geometry":{"type":"Point","coordinates":[-71.06279,42.37073]},"properties":{"brand":"Raytheon","zone":"traffic","osm":61400195}},{"type":"Feature","geometry":{"type":"Point","coordinates":[-84.34241,33.77884]},"properties":{"brand":"Unknown","zone":"traffic","osm":68456701}},{"type":"Feature","geometry":{"type":"Point","coordinates":[-96.78602,32.81506]},"properties":{"brand":"Flock Safety","zone":"","osm":81651741}},{"type":"Feature","geometry":{"type":"Point","coordinates":[-119.54792,36.51243]},"properties":{"brand":"Flock Safety","zone":"traffic","osm":87555098}},{"type":"Feature","geometry":{"type":"Point","coordinates":[-82.13121,29.86442]},"properties":{"brand":"ALPR","zone":"traffic","osm":95865536}},{"type":"Feature","geometry":{"type":"Point","coordinates":[-80.09483,26.26945]},"properties":{"brand":"Motorola Solutions","zone":"traffic","osm":96075555}},{"type":"Feature","geometry":{"type":"Point","coordinates":[-81.01034,29.1583]},"properties":{"brand":"Flock Safety","zone":"traffic","osm":101076987}},{"type":"Feature","geometry":{"type":"Point","coordinates":[-85.11831,41.15688]},"properties":{"brand":"Flock Safety","zone":"traffic","osm":112793657}},{"type":"Feature","geometry":{"type":"Point","coordinates":[-96.83503,39.0087]},"properties":{"brand":"Flock Safety","zone":"","osm":120223333}},{"type":"Feature","geometry":{"type":"Point","coordinates":[-118.41894,34.26439]},"properties":{"brand":"Flock Safety","zone":"traffic","osm":122767507}},{"type":"Feature","geometry":{"type":"Point","coordinates":[-97.40365,37.25323]},"properties":{"brand":"Flock Safety","zone":"traffic","osm":122861106}},{"type":"Feature","geometry":{"type":"Point","coordinates":[-89.94353,29.93778]},"properties":{"brand":"ALPR","zone":"","osm":123630688}},{"type":"Feature","geometry":{"type":"Point","coordinates":[-97.83413,42.04914]},"properties":{"brand":"Flock Safety","zone":"","osm":132875745}},{"type":"Feature","geometry":{"type":"Point","coordinates":[-98.62232,29.75468]},"properties":{"brand":"Flock Safety","zone":"","osm":150197369}},{"type":"Feature","geometry":{"type":"Point","coordinates":[-98.18701,26.2492]},"properties":{"brand":"ALPR","zone":"traffic","osm":151316843}},{"type":"Feature","geometry":{"type":"Point","coordinates":[-95.59639,29.78291]},"properties":{"brand":"Flock Safety","zone":"","osm":152704201}},{"type":"Feature","geometry":{"type":"Point","coordinates":[-85.59884,38.24802]},"properties":{"brand":"Flock Safety","zone":"traffic","osm":165074408}},{"type":"Feature","geometry":{"type":"Point","coordinates":[-81.05166,35.21923]},"properties":{"brand":"Flock Safety","zone":"","osm":171018908}},{"type":"Feature","geometry":{"type":"Point","coordinates":[-114.13692,32.66319]},"properties":{"brand":"Flock Safety","zone":"","osm":175764320}},{"type":"Feature","geometry":{"type":"Point","coordinates":[-106.50516,39.62448]},"properties":{"brand":"Flock Safety","zone":"","osm":176939366}},{"type":"Feature","geometry":{"type":"Point","coordinates":[-107.87198,37.27223]},"properties":{"brand":"Flock Safety","zone":"street","osm":177412923}},{"type":"Feature","geometry":{"type":"Point","coordinates":[-85.60289,42.30337]},"properties":{"brand":"Flock Safety","zone":"","osm":184732082}},{"type":"Feature","geometry":{"type":"Point","coordinates":[-94.17899,38.79047]},"properties":{"brand":"Flock Safety","zone":"","osm":189582122}},{"type":"Feature","geometry":{"type":"Point","coordinates":[-80.85157,40.90098]},"properties":{"brand":"Flock Safety","zone":"traffic","osm":196962071}},{"type":"Feature","geometry":{"type":"Point","coordinates":[-82.4502,40.04723]},"properties":{"brand":"ALPR","zone":"","osm":198302171}},{"type":"Feature","geometry":{"type":"Point","coordinates":[-76.40072,36.87967]},"properties":{"brand":"Flock Safety","zone":"traffic","osm":221144705}},{"type":"Feature","geometry":{"type":"Point","coordinates":[-102.10345,31.95297]},"properties":{"brand":"Flock Safety","zone":"traffic","osm":227192948}},{"type":"Feature","geometry":{"type":"Point","coordinates":[-94.15055,31.62749]},"properties":{"brand":"ALPR","zone":"street","osm":228219923}},{"type":"Feature","geometry":{"type":"Point","coordinates":[-89.4616,45.75728]},"properties":{"brand":"Flock Safety","zone":"traffic","osm":232214627}},{"type":"Feature","geometry":{"type":"Point","coordinates":[-88.12605,42.16857]},"properties":{"brand":"Flock Safety","zone":"traffic","osm":235538250}},{"type":"Feature","geometry":{"type":"Point","coordinates":[-73.68553,41.246]},"properties":{"brand":"Rekor","zone":"traffic","osm":254206850}},{"type":"Feature","geometry":{"type":"Point","coordinates":[-117.79388,33.60386]},"properties":{"brand":"ALPR","zone":"traffic","osm":323787873}},{"type":"Feature","geometry":{"type":"Point","coordinates":[-119.08257,36.21088]},"properties":{"brand":"Flock Safety","zone":"","osm":566137850}},{"type":"Feature","geometry":{"type":"Point","coordinates":[-93.46141,45.01258]},"properties":{"brand":"Flock Safety","zone":"","osm":627049408}},{"type":"Feature","geometry":{"type":"Point","coordinates":[-89.06539,42.33879]},"properties":{"brand":"Flock Safety","zone":"traffic","osm":643776207}},{"type":"Feature","geometry":{"type":"Point","coordinates":[-86.26578,39.88171]},"properties":{"brand":"ALPR","zone":"street","osm":794324218}},{"type":"Feature","geometry":{"type":"Point","coordinates":[-96.0808,41.28589]},"properties":{"brand":"LVT","zone":"traffic","osm":930508001}},{"type":"Feature","geometry":{"type":"Point","coordinates":[-67.1452,18.21087]},"properties":{"brand":"Flock Safety","zone":"","osm":939282472}},{"type":"Feature","geometry":{"type":"Point","coordinates":[-76.74058,39.17905]},"properties":{"brand":"Flock Safety","zone":"traffic","osm":1073288394}},{"type":"Feature","geometry":{"type":"Point","coordinates":[-76.51279,42.42591]},"properties":{"brand":"Flock Safety","zone":"","osm":1113371732}},{"type":"Feature","geometry":{"type":"Point","coordinates":[-112.132,33.80145]},"properties":{"brand":"Flock Safety","zone":"","osm":1187620455}},{"type":"Feature","geometry":{"type":"Point","coordinates":[-121.29152,38.7962]},"properties":{"brand":"Flock Safety","zone":"traffic","osm":1397859816}},{"type":"Feature","geometry":{"type":"Point","coordinates":[-94.86909,47.43433]},"properties":{"brand":"Flock Safety","zone":"traffic","osm":1685994889}},{"type":"Feature","geometry":{"type":"Point","coordinates":[-92.37174,38.95408]},"properties":{"brand":"Flock Safety","zone":"traffic","osm":1819035708}},{"type":"Feature","geometry":{"type":"Point","coordinates":[-118.37212,46.05275]},"properties":{"brand":"Flock Safety","zone":"traffic","osm":1980659968}},{"type":"Feature","geometry":{"type":"Point","coordinates":[-122.33546,48.43599]},"properties":{"brand":"Flock Safety","zone":"traffic","osm":2318834012}},{"type":"Feature","geometry":{"type":"Point","coordinates":[-97.37099,35.43535]},"properties":{"brand":"Flock Safety","zone":"traffic","osm":2546410616}},{"type":"Feature","geometry":{"type":"Point","coordinates":[-78.91464,36.73575]},"properties":{"brand":"Flock Safety","zone":"traffic","osm":3086047376}},{"type":"Feature","geometry":{"type":"Point","coordinates":[-75.66189,36.02153]},"properties":{"brand":"Flock Safety","zone":"","osm":3996092871}},{"type":"Feature","geometry":{"type":"Point","coordinates":[-81.26346,32.12666]},"properties":{"brand":"Flock Safety","zone":"traffic","osm":4097920625}},{"type":"Feature","geometry":{"type":"Point","coordinates":[-89.60358,39.83099]},"properties":{"brand":"Flock Safety","zone":"traffic","osm":4133803370}},{"type":"Feature","geometry":{"type":"Point","coordinates":[-92.16334,38.57247]},"properties":{"brand":"Flock Safety","zone":"","osm":4403466896}},{"type":"Feature","geometry":{"type":"Point","coordinates":[-106.61943,35.08088]},"properties":{"brand":"ALPR","zone":"traffic","osm":4657190240}},{"type":"Feature","geometry":{"type":"Point","coordinates":[-90.85307,38.47545]},"properties":{"brand":"Flock Safety","zone":"","osm":4938876043}},{"type":"Feature","geometry":{"type":"Point","coordinates":[-95.07495,38.70693]},"properties":{"brand":"Flock Safety","zone":"traffic","osm":5025411591}},{"type":"Feature","geometry":{"type":"Point","coordinates":[-110.94451,32.22948]},"properties":{"brand":"Flock Safety","zone":"traffic","osm":5322312866}},{"type":"Feature","geometry":{"type":"Point","coordinates":[-91.66682,41.97084]},"properties":{"brand":"Flock Safety","zone":"traffic","osm":5543910848}},{"type":"Feature","geometry":{"type":"Point","coordinates":[-85.49992,32.59645]},"properties":{"brand":"Flock Safety","zone":"","osm":5618384446}},{"type":"Feature","geometry":{"type":"Point","coordinates":[-83.10476,42.53382]},"properties":{"brand":"Flock Safety","zone":"traffic","osm":5843248592}},{"type":"Feature","geometry":{"type":"Point","coordinates":[-92.3224,34.7408]},"properties":{"brand":"ALPR","zone":"traffic","osm":6306202705}},{"type":"Feature","geometry":{"type":"Point","coordinates":[-112.4515,42.89138]},"properties":{"brand":"ALPR","zone":"","osm":7022523603}},{"type":"Feature","geometry":{"type":"Point","coordinates":[-116.28084,43.5917]},"properties":{"brand":"Flock Safety","zone":"","osm":7089752567}},{"type":"Feature","geometry":{"type":"Point","coordinates":[-120.31249,47.41123]},"properties":{"brand":"Flock Safety","zone":"","osm":7105362541}},{"type":"Feature","geometry":{"type":"Point","coordinates":[-86.29572,36.19176]},"properties":{"brand":"Flock Safety","zone":"traffic","osm":7257172093}},{"type":"Feature","geometry":{"type":"Point","coordinates":[-114.03142,46.84445]},"properties":{"brand":"Flock Safety","zone":"","osm":7587954381}},{"type":"Feature","geometry":{"type":"Point","coordinates":[-105.91307,35.80781]},"properties":{"brand":"Flock Safety","zone":"traffic","osm":7597940807}},{"type":"Feature","geometry":{"type":"Point","coordinates":[-75.569,38.41054]},"properties":{"brand":"Flock Safety","zone":"entrance","osm":7858013158}},{"type":"Feature","geometry":{"type":"Point","coordinates":[-81.20385,41.69192]},"properties":{"brand":"ALPR","zone":"traffic","osm":9129983301}},{"type":"Feature","geometry":{"type":"Point","coordinates":[-95.90407,36.0607]},"properties":{"brand":"Flock Safety","zone":"traffic","osm":9374406862}},{"type":"Feature","geometry":{"type":"Point","coordinates":[-157.8544,21.30599]},"properties":{"brand":"Flock Safety","zone":"traffic","osm":10151487350}},{"type":"Feature","geometry":{"type":"Point","coordinates":[-96.91397,46.89098]},"properties":{"brand":"Flock Safety","zone":"traffic","osm":10596777333}},{"type":"Feature","geometry":{"type":"Point","coordinates":[-123.82278,46.97186]},"properties":{"brand":"Flock Safety","zone":"","osm":10750079159}},{"type":"Feature","geometry":{"type":"Point","coordinates":[-78.54496,35.46462]},"properties":{"brand":"ALPR","zone":"","osm":10815593947}},{"type":"Feature","geometry":{"type":"Point","coordinates":[-80.13744,25.79561]},"properties":{"brand":"ALPR","zone":"traffic","osm":10945678694}},{"type":"Feature","geometry":{"type":"Point","coordinates":[-82.35114,36.31776]},"properties":{"brand":"Flock Safety","zone":"","osm":10958872117}},{"type":"Feature","geometry":{"type":"Point","coordinates":[-100.74404,35.21485]},"properties":{"brand":"ALPR","zone":"traffic","osm":11019052023}},{"type":"Feature","geometry":{"type":"Point","coordinates":[-92.64629,32.53056]},"properties":{"brand":"ALPR","zone":"traffic","osm":11113087862}},{"type":"Feature","geometry":{"type":"Point","coordinates":[-85.6478,30.25276]},"properties":{"brand":"Flock Safety","zone":"traffic","osm":11153415133}},{"type":"Feature","geometry":{"type":"Point","coordinates":[-96.77419,44.31343]},"properties":{"brand":"ALPR","zone":"entrance","osm":11212697000}},{"type":"Feature","geometry":{"type":"Point","coordinates":[-75.18532,44.60034]},"properties":{"brand":"ALPR","zone":"traffic","osm":11728247015}},{"type":"Feature","geometry":{"type":"Point","coordinates":[-104.22897,32.37656]},"properties":{"brand":"Flock Safety","zone":"traffic","osm":11805581107}},{"type":"Feature","geometry":{"type":"Point","coordinates":[-117.38953,47.5981]},"properties":{"brand":"Flock Safety","zone":"","osm":11923222483}},{"type":"Feature","geometry":{"type":"Point","coordinates":[-123.39645,42.44578]},"properties":{"brand":"ALPR","zone":"traffic","osm":12177074192}},{"type":"Feature","geometry":{"type":"Point","coordinates":[-97.36917,27.71021]},"properties":{"brand":"ALPR","zone":"traffic","osm":12184882598}},{"type":"Feature","geometry":{"type":"Point","coordinates":[-89.94696,35.12834]},"properties":{"brand":"Flock Safety","zone":"parking","osm":12331283276}},{"type":"Feature","geometry":{"type":"Point","coordinates":[-111.9595,41.21824]},"properties":{"brand":"Flock Safety","zone":"traffic","osm":12332700153}},{"type":"Feature","geometry":{"type":"Point","coordinates":[-105.28464,37.55174]},"properties":{"brand":"Flock Safety","zone":"traffic","osm":12341624188}},{"type":"Feature","geometry":{"type":"Point","coordinates":[-110.79343,43.46702]},"properties":{"brand":"Flock Safety","zone":"traffic","osm":12341967115}},{"type":"Feature","geometry":{"type":"Point","coordinates":[-119.17298,46.18437]},"properties":{"brand":"Flock Safety","zone":"traffic","osm":12342265697}},{"type":"Feature","geometry":{"type":"Point","coordinates":[-92.09151,30.29702]},"properties":{"brand":"Flock Safety","zone":"traffic","osm":12359882993}},{"type":"Feature","geometry":{"type":"Point","coordinates":[-113.62307,37.14095]},"properties":{"brand":"Motorola Solutions","zone":"traffic","osm":12363567930}},{"type":"Feature","geometry":{"type":"Point","coordinates":[-90.0716,32.50348]},"properties":{"brand":"ALPR","zone":"entrance","osm":12368864735}},{"type":"Feature","geometry":{"type":"Point","coordinates":[-78.98744,33.64439]},"properties":{"brand":"Flock Safety","zone":"traffic","osm":12378695955}},{"type":"Feature","geometry":{"type":"Point","coordinates":[-99.04977,40.71025]},"properties":{"brand":"Flock Safety","zone":"traffic","osm":12379143462}},{"type":"Feature","geometry":{"type":"Point","coordinates":[-109.58045,38.60604]},"properties":{"brand":"Flock Safety","zone":"traffic","osm":12391337156}},{"type":"Feature","geometry":{"type":"Point","coordinates":[-88.584,43.89373]},"properties":{"brand":"Flock Safety","zone":"traffic","osm":12397200863}},{"type":"Feature","geometry":{"type":"Point","coordinates":[-106.67923,31.78579]},"properties":{"brand":"ALPR","zone":"","osm":12401395523}},{"type":"Feature","geometry":{"type":"Point","coordinates":[-85.62382,44.68668]},"properties":{"brand":"Flock Safety","zone":"traffic","osm":12475054054}},{"type":"Feature","geometry":{"type":"Point","coordinates":[-93.76863,44.61166]},"properties":{"brand":"Flock Safety","zone":"traffic","osm":12484693623}},{"type":"Feature","geometry":{"type":"Point","coordinates":[-92.59892,47.06946]},"properties":{"brand":"Flock Safety","zone":"traffic","osm":12485295270}},{"type":"Feature","geometry":{"type":"Point","coordinates":[-81.60706,26.22996]},"properties":{"brand":"Flock Safety","zone":"traffic","osm":12512694688}},{"type":"Feature","geometry":{"type":"Point","coordinates":[-110.06325,34.24365]},"properties":{"brand":"Flock Safety","zone":"traffic","osm":12524347327}},{"type":"Feature","geometry":{"type":"Point","coordinates":[-114.48157,34.04288]},"properties":{"brand":"Flock Safety","zone":"traffic","osm":12566768954}},{"type":"Feature","geometry":{"type":"Point","coordinates":[-114.02245,40.74491]},"properties":{"brand":"Utah Department of Transportation","zone":"traffic","osm":12625920854}},{"type":"Feature","geometry":{"type":"Point","coordinates":[-89.17833,46.26741]},"properties":{"brand":"Flock Safety","zone":"traffic","osm":12720641784}},{"type":"Feature","geometry":{"type":"Point","coordinates":[-98.75065,29.79514]},"properties":{"brand":"Flock Safety","zone":"traffic","osm":12770495773}},{"type":"Feature","geometry":{"type":"Point","coordinates":[-118.65101,38.54751]},"properties":{"brand":"Flock Safety","zone":"traffic","osm":12772843494}},{"type":"Feature","geometry":{"type":"Point","coordinates":[-99.3938,27.90499]},"properties":{"brand":"Customs and Border Protection","zone":"traffic","osm":12776744363}},{"type":"Feature","geometry":{"type":"Point","coordinates":[-123.99628,40.88669]},"properties":{"brand":"Flock Safety","zone":"traffic","osm":12837185680}},{"type":"Feature","geometry":{"type":"Point","coordinates":[-122.45943,48.77004]},"properties":{"brand":"Flock Safety","zone":"traffic","osm":12850233571}},{"type":"Feature","geometry":{"type":"Point","coordinates":[-101.31134,48.20407]},"properties":{"brand":"ALPR","zone":"","osm":12962164193}},{"type":"Feature","geometry":{"type":"Point","coordinates":[-104.06605,31.08597]},"properties":{"brand":"Flock","zone":"traffic","osm":13005500843}},{"type":"Feature","geometry":{"type":"Point","coordinates":[-87.46916,46.55064]},"properties":{"brand":"Flock Safety","zone":"traffic","osm":13039485242}},{"type":"Feature","geometry":{"type":"Point","coordinates":[-103.14987,41.8127]},"properties":{"brand":"Flock Safety","zone":"","osm":13046406557}},{"type":"Feature","geometry":{"type":"Point","coordinates":[-98.81002,38.36161]},"properties":{"brand":"Flock Safety","zone":"traffic","osm":13063900151}},{"type":"Feature","geometry":{"type":"Point","coordinates":[-99.75825,32.44355]},"properties":{"brand":"Flock Safety","zone":"","osm":13067290181}},{"type":"Feature","geometry":{"type":"Point","coordinates":[-100.81223,46.83207]},"properties":{"brand":"Flock Safety","zone":"","osm":13076111357}},{"type":"Feature","geometry":{"type":"Point","coordinates":[-115.28459,36.30253]},"properties":{"brand":"Flock Safety","zone":"","osm":13076452655}},{"type":"Feature","geometry":{"type":"Point","coordinates":[-108.58112,45.75546]},"properties":{"brand":"Flock Safety","zone":"","osm":13076863029}},{"type":"Feature","geometry":{"type":"Point","coordinates":[-111.06055,45.69711]},"properties":{"brand":"Flock Safety","zone":"","osm":13076875731}},{"type":"Feature","geometry":{"type":"Point","coordinates":[-114.45474,42.5981]},"properties":{"brand":"Flock Safety","zone":"","osm":13092786683}},{"type":"Feature","geometry":{"type":"Point","coordinates":[-100.50164,41.4223]},"properties":{"brand":"Flock Safety","zone":"","osm":13099242072}},{"type":"Feature","geometry":{"type":"Point","coordinates":[-104.45156,42.75274]},"properties":{"brand":"Motorola Solutions","zone":"","osm":13122143234}},{"type":"Feature","geometry":{"type":"Point","coordinates":[-103.22072,44.10935]},"properties":{"brand":"Flock Safety","zone":"","osm":13128845683}},{"type":"Feature","geometry":{"type":"Point","coordinates":[-101.58175,38.91014]},"properties":{"brand":"Flock Safety","zone":"traffic","osm":13140966288}},{"type":"Feature","geometry":{"type":"Point","coordinates":[-103.40875,30.95193]},"properties":{"brand":"Flock Safety","zone":"","osm":13178367043}},{"type":"Feature","geometry":{"type":"Point","coordinates":[-66.11778,18.46449]},"properties":{"brand":"Motorola Solutions","zone":"traffic","osm":13205423801}},{"type":"Feature","geometry":{"type":"Point","coordinates":[-70.21801,44.0914]},"properties":{"brand":"Flock Safety","zone":"","osm":13250437473}},{"type":"Feature","geometry":{"type":"Point","coordinates":[-124.10124,43.98859]},"properties":{"brand":"Flock Safety","zone":"","osm":13267325937}},{"type":"Feature","geometry":{"type":"Point","coordinates":[-108.8125,40.09029]},"properties":{"brand":"Flock Safety","zone":"","osm":13271901589}},{"type":"Feature","geometry":{"type":"Point","coordinates":[-112.01558,46.61815]},"properties":{"brand":"Flock Safety","zone":"traffic","osm":13308700301}},{"type":"Feature","geometry":{"type":"Point","coordinates":[-101.36342,37.57447]},"properties":{"brand":"Flock Safety","zone":"traffic","osm":13310071001}},{"type":"Feature","geometry":{"type":"Point","coordinates":[-124.18947,41.77284]},"properties":{"brand":"Flock Safety","zone":"traffic","osm":13324909602}},{"type":"Feature","geometry":{"type":"Point","coordinates":[-73.21308,44.44163]},"properties":{"brand":"Flock Safety","zone":"","osm":13328290731}},{"type":"Feature","geometry":{"type":"Point","coordinates":[-156.43922,20.68711]},"properties":{"brand":"Motorola Solutions","zone":"","osm":13329569464}},{"type":"Feature","geometry":{"type":"Point","coordinates":[-155.98659,19.64457]},"properties":{"brand":"Flock Safety","zone":"","osm":13335237751}},{"type":"Feature","geometry":{"type":"Point","coordinates":[-95.95497,28.71085]},"properties":{"brand":"Flock Safety","zone":"traffic","osm":13343027901}},{"type":"Feature","geometry":{"type":"Point","coordinates":[-120.67531,41.42032]},"properties":{"brand":"Flock Safety","zone":"traffic","osm":13344086701}},{"type":"Feature","geometry":{"type":"Point","coordinates":[-159.57868,22.2211]},"properties":{"brand":"ALPR","zone":"traffic","osm":13375397501}},{"type":"Feature","geometry":{"type":"Point","coordinates":[-108.37734,43.0092]},"properties":{"brand":"Axis Communications","zone":"traffic","osm":13581785603}},{"type":"Feature","geometry":{"type":"Point","coordinates":[-111.6819,43.96307]},"properties":{"brand":"Flock Safety","zone":"traffic","osm":13651176364}},{"type":"Feature","geometry":{"type":"Point","coordinates":[-68.74169,44.83713]},"properties":{"brand":"Flock Safety","zone":"traffic","osm":13707087201}},{"type":"Feature","geometry":{"type":"Point","coordinates":[-84.44073,46.27869]},"properties":{"brand":"Flock Safety","zone":"traffic","osm":13761866901}},{"type":"Feature","geometry":{"type":"Point","coordinates":[-109.42392,47.06707]},"properties":{"brand":"Flock Safety","zone":"traffic","osm":13984551601}},{"type":"Feature","geometry":{"type":"Point","coordinates":[-118.58853,48.89629]},"properties":{"brand":"Motorola Solutions","zone":"traffic","osm":14021497901}},{"type":"Feature","geometry":{"type":"Point","coordinates":[-104.57437,48.9948]},"properties":{"brand":"Flock Safety","zone":"traffic","osm":14061766502}},{"type":"Feature","geometry":{"type":"Point","coordinates":[-106.26756,48.10627]},"properties":{"brand":"Leonardo","zone":"traffic","osm":14066119801}},{"type":"Feature","geometry":{"type":"Point","coordinates":[-104.63106,48.16548]},"properties":{"brand":"Leonardo","zone":"traffic","osm":14069160701}},{"type":"Feature","geometry":{"type":"Point","coordinates":[-97.27115,48.96437]},"properties":{"brand":"Flock Safety","zone":"traffic","osm":14073301402}},{"type":"Feature","geometry":{"type":"Point","coordinates":[-134.40387,58.29841]},"properties":{"brand":"Genetec","zone":"traffic","osm":14158086453}},{"type":"Feature","geometry":{"type":"Point","coordinates":[-79.29719,43.82614]},"properties":{"brand":"ALPR","zone":"traffic","osm":534071147}},{"type":"Feature","geometry":{"type":"Point","coordinates":[-81.00836,46.49302]},"properties":{"brand":"Dahua Technology","zone":"traffic","osm":1802138239}},{"type":"Feature","geometry":{"type":"Point","coordinates":[-81.7684,46.06903]},"properties":{"brand":"United Chiefs and Councils of Manitoulin Anishna","zone":"traffic","osm":13048518610}},{"type":"Feature","geometry":{"type":"Point","coordinates":[-76.97802,44.23726]},"properties":{"brand":"ALPR","zone":"traffic","osm":13426513701}},{"type":"Feature","geometry":{"type":"Point","coordinates":[-123.95013,49.15534]},"properties":{"brand":"Flock Safety","zone":"traffic","osm":13647800001}},{"type":"Feature","geometry":{"type":"Point","coordinates":[-113.93479,53.55945]},"properties":{"brand":"Rekor","zone":"traffic","osm":13955790701}},{"type":"Feature","geometry":{"type":"Point","coordinates":[-71.2277,46.80653]},"properties":{"brand":"Genetec","zone":"traffic","osm":13999265076}},{"type":"Feature","geometry":{"type":"Point","coordinates":[-64.99025,46.59272]},"properties":{"brand":"Flock Safety","zone":"traffic","osm":14015608501}},{"type":"Feature","geometry":{"type":"Point","coordinates":[-63.16984,46.26177]},"properties":{"brand":"Flock Safety","zone":"traffic","osm":14026472802}},{"type":"Feature","geometry":{"type":"Point","coordinates":[-63.13342,46.24146]},"properties":{"brand":"Flock Safety","zone":"traffic","osm":14026843201}},{"type":"Feature","geometry":{"type":"Point","coordinates":[-114.13524,51.1831]},"properties":{"brand":"Flock Safety","zone":"traffic","osm":14053405101}},{"type":"Feature","geometry":{"type":"Point","coordinates":[-120.33321,50.67096]},"properties":{"brand":"ALPR","zone":"parking","osm":14063111055}},{"type":"Feature","geometry":{"type":"Point","coordinates":[-110.69915,50.0245]},"properties":{"brand":"Genetec","zone":"traffic","osm":14070964201}},{"type":"Feature","geometry":{"type":"Point","coordinates":[-83.33979,35.9302]},"properties":{"brand":"Flock Safety","zone":"traffic","osm":202800014}},{"type":"Feature","geometry":{"type":"Point","coordinates":[-81.33913,28.51321]},"properties":{"brand":"Flock Safety","zone":"traffic","osm":895542735}},{"type":"Feature","geometry":{"type":"Point","coordinates":[-101.90216,35.14374]},"properties":{"brand":"Flock Safety","zone":"traffic","osm":10162458323}},{"type":"Feature","geometry":{"type":"Point","coordinates":[-122.2172,37.82314]},"properties":{"brand":"Flock Safety","zone":"traffic","osm":53092228}},{"type":"Feature","geometry":{"type":"Point","coordinates":[-122.90318,45.53566]},"properties":{"brand":"ALPR","zone":"parking","osm":3557258048}},{"type":"Feature","geometry":{"type":"Point","coordinates":[-73.8764,41.30732]},"properties":{"brand":"Rekor","zone":"traffic","osm":254176116}},{"type":"Feature","geometry":{"type":"Point","coordinates":[-112.11021,33.70994]},"properties":{"brand":"Flock Safety","zone":"","osm":1990598951}},{"type":"Feature","geometry":{"type":"Point","coordinates":[-74.03462,41.01965]},"properties":{"brand":"Axis Communication","zone":"traffic","osm":103234852}},{"type":"Feature","geometry":{"type":"Point","coordinates":[-105.02864,40.52652]},"properties":{"brand":"Lowe's","zone":"public","osm":564851409}},{"type":"Feature","geometry":{"type":"Point","coordinates":[-87.05734,30.39099]},"properties":{"brand":"Flock Safety","zone":"traffic","osm":10710537813}},{"type":"Feature","geometry":{"type":"Point","coordinates":[-87.49219,37.93816]},"properties":{"brand":"ALPR","zone":"","osm":181878348}},{"type":"Feature","geometry":{"type":"Point","coordinates":[-87.54972,33.21031]},"properties":{"brand":"Flock Safety","zone":"","osm":2739413149}},{"type":"Feature","geometry":{"type":"Point","coordinates":[-121.04879,40.31068]},"properties":{"brand":"Flock Safety","zone":"traffic","osm":376260563}},{"type":"Feature","geometry":{"type":"Point","coordinates":[-71.47378,43.08516]},"properties":{"brand":"New Hampshire Bureau of Turnpikes","zone":"traffic","osm":60435343}},{"type":"Feature","geometry":{"type":"Point","coordinates":[-71.11238,42.35145]},"properties":{"brand":"E-ZPass","zone":"traffic","osm":61450132}},{"type":"Feature","geometry":{"type":"Point","coordinates":[-84.37823,33.87987]},"properties":{"brand":"Flock Safety","zone":"traffic","osm":69160967}},{"type":"Feature","geometry":{"type":"Point","coordinates":[-96.7165,32.97553]},"properties":{"brand":"Flock Safety","zone":"traffic","osm":81698415}},{"type":"Feature","geometry":{"type":"Point","coordinates":[-119.37712,36.55962]},"properties":{"brand":"Flock Safety","zone":"","osm":928855911}},{"type":"Feature","geometry":{"type":"Point","coordinates":[-81.41877,30.04352]},"properties":{"brand":"ALPR","zone":"traffic","osm":100194417}},{"type":"Feature","geometry":{"type":"Point","coordinates":[-80.20412,26.36975]},"properties":{"brand":"Flock Safety","zone":"entrance","osm":1718048261}},{"type":"Feature","geometry":{"type":"Point","coordinates":[-81.22868,29.0175]},"properties":{"brand":"Flock Safety","zone":"traffic","osm":1859367847}},{"type":"Feature","geometry":{"type":"Point","coordinates":[-85.05894,41.07988]},"properties":{"brand":"Neology, Inc.","zone":"traffic","osm":182478744}},{"type":"Feature","geometry":{"type":"Point","coordinates":[-96.44796,40.92905]},"properties":{"brand":"ALPR","zone":"traffic","osm":7238052389}},{"type":"Feature","geometry":{"type":"Point","coordinates":[-117.71674,33.82487]},"properties":{"brand":"Transportation Corridor Agencies","zone":"traffic","osm":123031244}},{"type":"Feature","geometry":{"type":"Point","coordinates":[-97.33561,37.67749]},"properties":{"brand":"Flock Safety","zone":"","osm":6336749296}},{"type":"Feature","geometry":{"type":"Point","coordinates":[-90.00092,29.96166]},"properties":{"brand":"ALPR","zone":"entrance","osm":123636892}},{"type":"Feature","geometry":{"type":"Point","coordinates":[-96.37052,42.534]},"properties":{"brand":"Flock Safety","zone":"traffic","osm":4313131333}},{"type":"Feature","geometry":{"type":"Point","coordinates":[-98.62386,29.75231]},"properties":{"brand":"ALPR","zone":"street","osm":150251122}},{"type":"Feature","geometry":{"type":"Point","coordinates":[-97.50928,25.95093]},"properties":{"brand":"Flock Safety","zone":"traffic","osm":12291389477}},{"type":"Feature","geometry":{"type":"Point","coordinates":[-95.77571,29.86292]},"properties":{"brand":"Flock Safety","zone":"traffic","osm":743271520}},{"type":"Feature","geometry":{"type":"Point","coordinates":[-85.75584,38.36726]},"properties":{"brand":"Flock Safety","zone":"","osm":179015874}},{"type":"Feature","geometry":{"type":"Point","coordinates":[-80.85243,35.49642]},"properties":{"brand":"ALPR","zone":"traffic","osm":172879260}},{"type":"Feature","geometry":{"type":"Point","coordinates":[-115.53438,32.7319]},"properties":{"brand":"FlockSafety","zone":"traffic","osm":11609622064}},{"type":"Feature","geometry":{"type":"Point","coordinates":[-106.52243,39.63105]},"properties":{"brand":"Flock Safety","zone":"","osm":2111078853}},{"type":"Feature","geometry":{"type":"Point","coordinates":[-108.4953,37.34721]},"properties":{"brand":"Flock Safety","zone":"traffic","osm":12341624186}},{"type":"Feature","geometry":{"type":"Point","coordinates":[-85.61067,43.04122]},"properties":{"brand":"Flock Safety","zone":"parking","osm":184758271}},{"type":"Feature","geometry":{"type":"Point","coordinates":[-94.70574,39.20555]},"properties":{"brand":"Flock Safety","zone":"traffic","osm":192454074}},{"type":"Feature","geometry":{"type":"Point","coordinates":[-79.80239,40.56778]},"properties":{"brand":"Flock Safety","zone":"","osm":746339627}},{"type":"Feature","geometry":{"type":"Point","coordinates":[-82.45006,40.04725]},"properties":{"brand":"ALPR","zone":"parking","osm":198379786}},{"type":"Feature","geometry":{"type":"Point","coordinates":[-76.52424,36.83672]},"properties":{"brand":"Flock Safety","zone":"entrance","osm":221388769}},{"type":"Feature","geometry":{"type":"Point","coordinates":[-101.87081,33.59214]},"properties":{"brand":"Flock Safety","zone":"traffic","osm":8747194811}},{"type":"Feature","geometry":{"type":"Point","coordinates":[-95.00093,33.17281]},"properties":{"brand":"ALPR","zone":"traffic","osm":769458168}},{"type":"Feature","geometry":{"type":"Point","coordinates":[-88.85007,44.87019]},"properties":{"brand":"Flock Safety","zone":"","osm":7685156602}},{"type":"Feature","geometry":{"type":"Point","coordinates":[-88.15317,41.9749]},"properties":{"brand":"Flock Safety","zone":"","osm":237644546}},{"type":"Feature","geometry":{"type":"Point","coordinates":[-73.1179,40.91484]},"properties":{"brand":"stonybrook university","zone":"streets","osm":7817848312}},{"type":"Feature","geometry":{"type":"Point","coordinates":[-117.77073,33.73632]},"properties":{"brand":"ALPR","zone":"traffic","osm":331374496}},{"type":"Feature","geometry":{"type":"Point","coordinates":[-120.65835,35.29809]},"properties":{"brand":"Flock Safety","zone":"","osm":2164265751}},{"type":"Feature","geometry":{"type":"Point","coordinates":[-93.23906,45.10013]},"properties":{"brand":"Flock Safety","zone":"","osm":707080825}},{"type":"Feature","geometry":{"type":"Point","coordinates":[-89.04318,42.27447]},"properties":{"brand":"Flock Safety","zone":"","osm":7712486526}},{"type":"Feature","geometry":{"type":"Point","coordinates":[-86.91836,40.44042]},"properties":{"brand":"Flock Safety","zone":"","osm":6961175971}},{"type":"Feature","geometry":{"type":"Point","coordinates":[-96.19671,41.27055]},"properties":{"brand":"Flock Safety","zone":"traffic","osm":1891150298}},{"type":"Feature","geometry":{"type":"Point","coordinates":[-67.13679,18.20679]},"properties":{"brand":"Flock Safety","zone":"","osm":13286418261}},{"type":"Feature","geometry":{"type":"Point","coordinates":[-76.81308,39.19641]},"properties":{"brand":"Flock Safety","zone":"","osm":1614362176}},{"type":"Feature","geometry":{"type":"Point","coordinates":[-76.48958,42.44312]},"properties":{"brand":"Flock Safety","zone":"traffic","osm":10172275230}},{"type":"Feature","geometry":{"type":"Point","coordinates":[-112.13166,33.80218]},"properties":{"brand":"Flock Safety","zone":"","osm":1199411073}},{"type":"Feature","geometry":{"type":"Point","coordinates":[-122.35291,40.57069]},"properties":{"brand":"ALPR","zone":"traffic","osm":7311154568}},{"type":"Feature","geometry":{"type":"Point","coordinates":[-95.85317,46.81888]},"properties":{"brand":"ALPR","zone":"residential","osm":10118113557}},{"type":"Feature","geometry":{"type":"Point","coordinates":[-91.31409,38.86138]},"properties":{"brand":"Flock Safety","zone":"traffic","osm":6026220804}},{"type":"Feature","geometry":{"type":"Point","coordinates":[-118.37006,46.05053]},"properties":{"brand":"Flock Safety","zone":"traffic","osm":12425881660}},{"type":"Feature","geometry":{"type":"Point","coordinates":[-122.35895,47.2579]},"properties":{"brand":"Flock Safety","zone":"","osm":6237077617}},{"type":"Feature","geometry":{"type":"Point","coordinates":[-97.51329,35.45985]},"properties":{"brand":"ALPR","zone":"traffic","osm":11001547576}},{"type":"Feature","geometry":{"type":"Point","coordinates":[-79.24304,37.38539]},"properties":{"brand":"ALPR","zone":"traffic","osm":11873051110}},{"type":"Feature","geometry":{"type":"Point","coordinates":[-75.64865,35.99291]},"properties":{"brand":"Flock Safety","zone":"traffic","osm":11671361224}},{"type":"Feature","geometry":{"type":"Point","coordinates":[-81.98505,33.53126]},"properties":{"brand":"Flock Safety","zone":"","osm":10970263618}},{"type":"Feature","geometry":{"type":"Point","coordinates":[-91.14369,40.81775]},"properties":{"brand":"Flock Safety","zone":"","osm":6583271706}},{"type":"Feature","geometry":{"type":"Point","coordinates":[-91.76301,37.96599]},"properties":{"brand":"Flock Safety","zone":"traffic","osm":12432126877}},{"type":"Feature","geometry":{"type":"Point","coordinates":[-106.75629,34.81485]},"properties":{"brand":"Flock Safety","zone":"traffic","osm":5358328647}},{"type":"Feature","geometry":{"type":"Point","coordinates":[-90.29677,38.46465]},"properties":{"brand":"(NETHOA/Owner)","zone":"traffic","osm":7143043534}},{"type":"Feature","geometry":{"type":"Point","coordinates":[-95.95325,36.74149]},"properties":{"brand":"Flock Safety","zone":"traffic","osm":12349102747}},{"type":"Feature","geometry":{"type":"Point","coordinates":[-110.97884,32.35195]},"properties":{"brand":"Flock Safety","zone":"traffic","osm":7235993722}},{"type":"Feature","geometry":{"type":"Point","coordinates":[-93.52863,41.6588]},"properties":{"brand":"Flock Safety","zone":"traffic","osm":12205522451}},{"type":"Feature","geometry":{"type":"Point","coordinates":[-85.40459,32.62021]},"properties":{"brand":"ALPR","zone":"traffic","osm":9180837873}},{"type":"Feature","geometry":{"type":"Point","coordinates":[-83.67906,42.23447]},"properties":{"brand":"Genetec","zone":"traffic","osm":5929342027}},{"type":"Feature","geometry":{"type":"Point","coordinates":[-92.42659,34.75302]},"properties":{"brand":"Flock Safety","zone":"traffic","osm":8743226749}},{"type":"Feature","geometry":{"type":"Point","coordinates":[-112.03495,41.26965]},"properties":{"brand":"Flock Safety","zone":"","osm":13003363612}},{"type":"Feature","geometry":{"type":"Point","coordinates":[-116.64344,43.63249]},"properties":{"brand":"Flock Safety","zone":"traffic,buildings","osm":12892623986}},{"type":"Feature","geometry":{"type":"Point","coordinates":[-120.60449,46.5749]},"properties":{"brand":"Flock Safety","zone":"","osm":8060633354}},{"type":"Feature","geometry":{"type":"Point","coordinates":[-86.29661,36.19021]},"properties":{"brand":"Flock Safety","zone":"traffic","osm":7257172100}},{"type":"Feature","geometry":{"type":"Point","coordinates":[-114.0303,46.84408]},"properties":{"brand":"Flock Safety","zone":"","osm":7587954425}},{"type":"Feature","geometry":{"type":"Point","coordinates":[-105.93883,35.69074]},"properties":{"brand":"ALPR","zone":"parking_entrance","osm":8982689960}},{"type":"Feature","geometry":{"type":"Point","coordinates":[-76.20421,36.76798]},"properties":{"brand":"Flock Safety","zone":"traffic","osm":12343402001}},{"type":"Feature","geometry":{"type":"Point","coordinates":[-81.20322,41.69171]},"properties":{"brand":"ALPR","zone":"traffic","osm":9129983304}},{"type":"Feature","geometry":{"type":"Point","coordinates":[-95.90461,36.09001]},"properties":{"brand":"Flock Safety","zone":"traffic","osm":9418755021}},{"type":"Feature","geometry":{"type":"Point","coordinates":[-157.87189,21.31535]},"properties":{"brand":"Flock Safety","zone":"","osm":13204907982}},{"type":"Feature","geometry":{"type":"Point","coordinates":[-96.90793,46.84768]},"properties":{"brand":"Flock Safety","zone":"","osm":10655587506}},{"type":"Feature","geometry":{"type":"Point","coordinates":[-123.79749,46.97755]},"properties":{"brand":"Flock Safety","zone":"traffic","osm":12339833433}},{"type":"Feature","geometry":{"type":"Point","coordinates":[-77.93198,35.38059]},"properties":{"brand":"Flock Safety","zone":"traffic","osm":12111188129}},{"type":"Feature","geometry":{"type":"Point","coordinates":[-80.13737,25.79541]},"properties":{"brand":"ALPR","zone":"traffic","osm":10945678695}},{"type":"Feature","geometry":{"type":"Point","coordinates":[-82.35072,36.31723]},"properties":{"brand":"Flock Safety","zone":"","osm":11280311660}},{"type":"Feature","geometry":{"type":"Point","coordinates":[-100.74404,35.21485]},"properties":{"brand":"ALPR","zone":"traffic","osm":11019052024}},{"type":"Feature","geometry":{"type":"Point","coordinates":[-92.64111,32.52689]},"properties":{"brand":"ALPR","zone":"traffic","osm":11180333821}},{"type":"Feature","geometry":{"type":"Point","coordinates":[-85.55909,30.24761]},"properties":{"brand":"Flock Safety","zone":"street","osm":11153415134}},{"type":"Feature","geometry":{"type":"Point","coordinates":[-97.1096,43.9944]},"properties":{"brand":"Flock Safety","zone":"traffic","osm":12408123757}},{"type":"Feature","geometry":{"type":"Point","coordinates":[-75.46913,44.33508]},"properties":{"brand":"Axis Communications","zone":"traffic","osm":13544889269}},{"type":"Feature","geometry":{"type":"Point","coordinates":[-104.24367,32.35364]},"properties":{"brand":"Flock Safety","zone":"traffic","osm":12766662712}},{"type":"Feature","geometry":{"type":"Point","coordinates":[-117.41039,47.71853]},"properties":{"brand":"Flock Safety","zone":"traffic","osm":12385126877}},{"type":"Feature","geometry":{"type":"Point","coordinates":[-122.84123,42.29323]},"properties":{"brand":"Flock Safety","zone":"traffic","osm":12336518314}},{"type":"Feature","geometry":{"type":"Point","coordinates":[-97.3687,27.71111]},"properties":{"brand":"ALPR","zone":"traffic","osm":12184882599}},{"type":"Feature","geometry":{"type":"Point","coordinates":[-89.9095,35.11588]},"properties":{"brand":"Flock Safety","zone":"area","osm":12331313121}},{"type":"Feature","geometry":{"type":"Point","coordinates":[-111.97361,41.20287]},"properties":{"brand":"Flock Safety","zone":"traffic","osm":12332988574}},{"type":"Feature","geometry":{"type":"Point","coordinates":[-105.28452,37.55182]},"properties":{"brand":"Flock Safety","zone":"traffic","osm":12341624189}},{"type":"Feature","geometry":{"type":"Point","coordinates":[-110.78676,43.47366]},"properties":{"brand":"Flock Safety","zone":"traffic","osm":12341967116}},{"type":"Feature","geometry":{"type":"Point","coordinates":[-119.11134,46.19826]},"properties":{"brand":"Flock Safety","zone":"traffic","osm":12342265698}},{"type":"Feature","geometry":{"type":"Point","coordinates":[-92.02205,30.29535]},"properties":{"brand":"Flock Safety","zone":"traffic","osm":12359888712}},{"type":"Feature","geometry":{"type":"Point","coordinates":[-113.08171,37.68096]},"properties":{"brand":"Flock Safety","zone":"traffic","osm":12680427740}},{"type":"Feature","geometry":{"type":"Point","coordinates":[-90.07165,32.50645]},"properties":{"brand":"ALPR","zone":"entrance","osm":12368864736}},{"type":"Feature","geometry":{"type":"Point","coordinates":[-78.98394,33.61457]},"properties":{"brand":"Flock Safety","zone":"traffic","osm":12388419540}},{"type":"Feature","geometry":{"type":"Point","coordinates":[-99.04981,40.71023]},"properties":{"brand":"Flock Safety","zone":"traffic","osm":12379197118}},{"type":"Feature","geometry":{"type":"Point","coordinates":[-110.70532,38.37428]},"properties":{"brand":"Flock Safety","zone":"traffic","osm":13202610558}},{"type":"Feature","geometry":{"type":"Point","coordinates":[-88.181,43.7693]},"properties":{"brand":"Flock Safety","zone":"traffic","osm":12397250471}},{"type":"Feature","geometry":{"type":"Point","coordinates":[-108.68985,32.34149]},"properties":{"brand":"other","zone":"traffic","osm":13005500844}},{"type":"Feature","geometry":{"type":"Point","coordinates":[-85.57492,44.71506]},"properties":{"brand":"Flock Safety","zone":"traffic","osm":12475054055}},{"type":"Feature","geometry":{"type":"Point","coordinates":[-93.76665,44.61193]},"properties":{"brand":"Flock Safety","zone":"traffic","osm":12484696470}},{"type":"Feature","geometry":{"type":"Point","coordinates":[-92.19846,47.6856]},"properties":{"brand":"Flock Safety","zone":"traffic","osm":12485295276}},{"type":"Feature","geometry":{"type":"Point","coordinates":[-81.68735,26.22867]},"properties":{"brand":"Flock Safety","zone":"traffic","osm":12525200828}},{"type":"Feature","geometry":{"type":"Point","coordinates":[-110.01791,34.1978]},"properties":{"brand":"Flock Safety","zone":"","osm":13080338157}},{"type":"Feature","geometry":{"type":"Point","coordinates":[-115.33253,36.15308]},"properties":{"brand":"Flock Safety","zone":"","osm":12886634416}},{"type":"Feature","geometry":{"type":"Point","coordinates":[-113.99946,40.74647]},"properties":{"brand":"Utah Department of Transportation","zone":"traffic","osm":12634043576}},{"type":"Feature","geometry":{"type":"Point","coordinates":[-90.95426,46.58775]},"properties":{"brand":"Flock Safety","zone":"traffic","osm":12786975112}},{"type":"Feature","geometry":{"type":"Point","coordinates":[-98.75185,29.81823]},"properties":{"brand":"Flock Safety","zone":"traffic","osm":12770503717}},{"type":"Feature","geometry":{"type":"Point","coordinates":[-118.59772,38.52463]},"properties":{"brand":"Flock Safety","zone":"traffic","osm":13368202160}},{"type":"Feature","geometry":{"type":"Point","coordinates":[-99.50146,27.56222]},"properties":{"brand":"Flock Safety","zone":"traffic","osm":13167015641}},{"type":"Feature","geometry":{"type":"Point","coordinates":[-123.99777,40.88449]},"properties":{"brand":"Flock Safety","zone":"","osm":12876037435}},{"type":"Feature","geometry":{"type":"Point","coordinates":[-122.48037,48.78453]},"properties":{"brand":"Flock Safety","zone":"telegraph_road","osm":12896144808}},{"type":"Feature","geometry":{"type":"Point","coordinates":[-101.31205,48.2042]},"properties":{"brand":"ALPR","zone":"","osm":12962164194}},{"type":"Feature","geometry":{"type":"Point","coordinates":[-104.39008,29.58787]},"properties":{"brand":"Flock Safety","zone":"traffic","osm":13471666201}},{"type":"Feature","geometry":{"type":"Point","coordinates":[-87.46916,46.54978]},"properties":{"brand":"Flock Safety","zone":"traffic","osm":13039485243}},{"type":"Feature","geometry":{"type":"Point","coordinates":[-103.67576,41.88016]},"properties":{"brand":"Flock Safety","zone":"","osm":13046406558}},{"type":"Feature","geometry":{"type":"Point","coordinates":[-98.81295,38.34561]},"properties":{"brand":"Flock Safety","zone":"traffic","osm":13063900152}},{"type":"Feature","geometry":{"type":"Point","coordinates":[-99.75933,32.43241]},"properties":{"brand":"Flock Safety","zone":"","osm":13067358727}},{"type":"Feature","geometry":{"type":"Point","coordinates":[-100.81505,46.83129]},"properties":{"brand":"Flock Safety","zone":"","osm":13076127914}},{"type":"Feature","geometry":{"type":"Point","coordinates":[-115.2847,36.30204]},"properties":{"brand":"Flock Safety","zone":"","osm":13076452656}},{"type":"Feature","geometry":{"type":"Point","coordinates":[-108.58363,45.75552]},"properties":{"brand":"Flock Safety","zone":"","osm":13076863030}},{"type":"Feature","geometry":{"type":"Point","coordinates":[-111.06172,45.69818]},"properties":{"brand":"Flock Safety","zone":"","osm":13076875732}},{"type":"Feature","geometry":{"type":"Point","coordinates":[-114.45461,42.59711]},"properties":{"brand":"Flock Safety","zone":"","osm":13092786684}},{"type":"Feature","geometry":{"type":"Point","coordinates":[-100.5014,41.4197]},"properties":{"brand":"Flock Safety","zone":"","osm":13099264619}},{"type":"Feature","geometry":{"type":"Point","coordinates":[-105.8339,42.8513]},"properties":{"brand":"Flock Safety","zone":"traffic","osm":13952276201}},{"type":"Feature","geometry":{"type":"Point","coordinates":[-103.22042,44.11104]},"properties":{"brand":"Flock Safety","zone":"","osm":13128915844}},{"type":"Feature","geometry":{"type":"Point","coordinates":[-101.7259,40.8542]},"properties":{"brand":"Flock Safety","zone":"traffic","osm":13347118501}},{"type":"Feature","geometry":{"type":"Point","coordinates":[-102.85186,30.8927]},"properties":{"brand":"ALPR","zone":"traffic","osm":13340267426}},{"type":"Feature","geometry":{"type":"Point","coordinates":[-66.11778,18.46449]},"properties":{"brand":"Motorola Solutions","zone":"traffic","osm":13205424301}},{"type":"Feature","geometry":{"type":"Point","coordinates":[-70.21488,44.09764]},"properties":{"brand":"Flock Safety","zone":"","osm":13250462678}},{"type":"Feature","geometry":{"type":"Point","coordinates":[-124.10191,44.01762]},"properties":{"brand":"Flock Safety","zone":"","osm":13267348797}},{"type":"Feature","geometry":{"type":"Point","coordinates":[-108.7769,40.08748]},"properties":{"brand":"Flock Safety","zone":"","osm":13271901590}},{"type":"Feature","geometry":{"type":"Point","coordinates":[-112.01559,46.61921]},"properties":{"brand":"Flock Safety","zone":"traffic","osm":13308700302}},{"type":"Feature","geometry":{"type":"Point","coordinates":[-101.35293,37.57645]},"properties":{"brand":"Flock Safety","zone":"traffic","osm":13310071002}},{"type":"Feature","geometry":{"type":"Point","coordinates":[-124.20044,41.77266]},"properties":{"brand":"Flock Safety","zone":"traffic","osm":13324971801}},{"type":"Feature","geometry":{"type":"Point","coordinates":[-73.49119,44.6952]},"properties":{"brand":"Flock Safety","zone":"traffic","osm":13418584001}},{"type":"Feature","geometry":{"type":"Point","coordinates":[-156.44005,20.69686]},"properties":{"brand":"Motorola Solutions","zone":"","osm":13329642956}},{"type":"Feature","geometry":{"type":"Point","coordinates":[-155.08068,19.71873]},"properties":{"brand":"Flock Safety","zone":"traffic","osm":13733318041}},{"type":"Feature","geometry":{"type":"Point","coordinates":[-95.9585,28.69441]},"properties":{"brand":"Flock Safety","zone":"traffic","osm":13343222401}},{"type":"Feature","geometry":{"type":"Point","coordinates":[-120.1434,41.44211]},"properties":{"brand":"Flock Safety","zone":"traffic","osm":14093740901}},{"type":"Feature","geometry":{"type":"Point","coordinates":[-108.3766,43.00918]},"properties":{"brand":"Axis Communications","zone":"traffic","osm":13581813201}},{"type":"Feature","geometry":{"type":"Point","coordinates":[-111.68226,43.96236]},"properties":{"brand":"Flock Safety","zone":"traffic","osm":13651176365}},{"type":"Feature","geometry":{"type":"Point","coordinates":[-68.74592,44.83299]},"properties":{"brand":"Flock Safety","zone":"traffic","osm":13707089101}},{"type":"Feature","geometry":{"type":"Point","coordinates":[-85.50961,46.32875]},"properties":{"brand":"Q108485435","zone":"street","osm":13887797115}},{"type":"Feature","geometry":{"type":"Point","coordinates":[-134.40384,58.29839]},"properties":{"brand":"Genetec","zone":"traffic","osm":14158086454}},{"type":"Feature","geometry":{"type":"Point","coordinates":[-79.77092,43.76398]},"properties":{"brand":"Genetec","zone":"traffic","osm":2832913940}},{"type":"Feature","geometry":{"type":"Point","coordinates":[-80.98334,46.52248]},"properties":{"brand":"Dahua Technology","zone":"traffic","osm":13104298613}},{"type":"Feature","geometry":{"type":"Point","coordinates":[-76.94712,44.24389]},"properties":{"brand":"Flock Safety","zone":"traffic","osm":13426516801}},{"type":"Feature","geometry":{"type":"Point","coordinates":[-71.22742,46.80658]},"properties":{"brand":"Genetec","zone":"traffic","osm":13999265077}},{"type":"Feature","geometry":{"type":"Point","coordinates":[-63.17901,46.25865]},"properties":{"brand":"Flock Safety","zone":"traffic","osm":14026479802}},{"type":"Feature","geometry":{"type":"Point","coordinates":[-63.13387,46.24279]},"properties":{"brand":"Flock Safety","zone":"traffic","osm":14026846601}},{"type":"Feature","geometry":{"type":"Point","coordinates":[-114.23666,51.03024]},"properties":{"brand":"Flock Safety","zone":"traffic","osm":14053445101}},{"type":"Feature","geometry":{"type":"Point","coordinates":[-83.37048,33.95697]},"properties":{"brand":"Flock Safety","zone":"","osm":1666616059}},{"type":"Feature","geometry":{"type":"Point","coordinates":[-81.36855,28.54227]},"properties":{"brand":"Flock Safety","zone":"","osm":2199385309}},{"type":"Feature","geometry":{"type":"Point","coordinates":[-102.85523,35.2304]},"properties":{"brand":"ALPR","zone":"traffic","osm":11019052025}},{"type":"Feature","geometry":{"type":"Point","coordinates":[-122.2271,37.83229]},"properties":{"brand":"Flock Safety","zone":"traffic","osm":53119037}},{"type":"Feature","geometry":{"type":"Point","coordinates":[-122.65704,45.61775]},"properties":{"brand":"Flock Safety","zone":"traffic","osm":6625378621}},{"type":"Feature","geometry":{"type":"Point","coordinates":[-73.83989,41.3535]},"properties":{"brand":"Rekor","zone":"traffic","osm":261525211}},{"type":"Feature","geometry":{"type":"Point","coordinates":[-112.11127,33.70994]},"properties":{"brand":"Flock Safety","zone":"","osm":1990598952}},{"type":"Feature","geometry":{"type":"Point","coordinates":[-74.2799,40.81796]},"properties":{"brand":"Rekor","zone":"traffic","osm":103747951}},{"type":"Feature","geometry":{"type":"Point","coordinates":[-105.83808,40.25664]},"properties":{"brand":"Flock Safety","zone":"","osm":1105411386}},{"type":"Feature","geometry":{"type":"Point","coordinates":[-87.75944,30.61847]},"properties":{"brand":"Flock Safety","zone":"traffic","osm":12344502686}},{"type":"Feature","geometry":{"type":"Point","coordinates":[-87.58246,38.00406]},"properties":{"brand":"ALPR","zone":"","osm":181886509}},{"type":"Feature","geometry":{"type":"Point","coordinates":[-86.63188,33.64658]},"properties":{"brand":"Flock Safety","zone":"area","osm":11709419161}},{"type":"Feature","geometry":{"type":"Point","coordinates":[-119.75521,39.11731]},"properties":{"brand":"Flock Safety","zone":"traffic","osm":12366545882}},{"type":"Feature","geometry":{"type":"Point","coordinates":[-73.68395,41.50815]},"properties":{"brand":"Rekor","zone":"traffic","osm":60639253}},{"type":"Feature","geometry":{"type":"Point","coordinates":[-70.96489,43.27493]},"properties":{"brand":"New Hampshire Bureau of Turnpikes","zone":"traffic","osm":195157879}},{"type":"Feature","geometry":{"type":"Point","coordinates":[-84.37446,33.88181]},"properties":{"brand":"Flock Safety","zone":"traffic","osm":69367786}},{"type":"Feature","geometry":{"type":"Point","coordinates":[-96.9166,32.74763]},"properties":{"brand":"Flock Safety","zone":"traffic","osm":81801623}},{"type":"Feature","geometry":{"type":"Point","coordinates":[-121.23472,37.79754]},"properties":{"brand":"Flock Safety","zone":"traffic","osm":3249667421}},{"type":"Feature","geometry":{"type":"Point","coordinates":[-81.27701,29.65265]},"properties":{"brand":"Flock Safety","zone":"traffic","osm":100206931}},{"type":"Feature","geometry":{"type":"Point","coordinates":[-80.20396,26.37081]},"properties":{"brand":"Flock Safety","zone":"entrance","osm":1718048522}},{"type":"Feature","geometry":{"type":"Point","coordinates":[-81.06984,29.1094]},"properties":{"brand":"Flock Safety","zone":"traffic","osm":2029414813}},{"type":"Feature","geometry":{"type":"Point","coordinates":[-85.97146,40.04394]},"properties":{"brand":"Flock Safety","zone":"","osm":2916778412}},{"type":"Feature","geometry":{"type":"Point","coordinates":[-97.21416,38.93912]},"properties":{"brand":"Flock Safety","zone":"traffic","osm":12377694041}},{"type":"Feature","geometry":{"type":"Point","coordinates":[-118.20686,34.05409]},"properties":{"brand":"Los Angeles County Metropolitan Transportation A","zone":"traffic","osm":268538625}},{"type":"Feature","geometry":{"type":"Point","coordinates":[-97.34489,37.72267]},"properties":{"brand":"Flock Safety","zone":"traffic","osm":6341025679}},{"type":"Feature","geometry":{"type":"Point","coordinates":[-89.97109,29.94561]},"properties":{"brand":"ALPR","zone":"","osm":123637081}},{"type":"Feature","geometry":{"type":"Point","coordinates":[-98.03015,42.75055]},"properties":{"brand":"Flock Safety","zone":"traffic","osm":6711364773}},{"type":"Feature","geometry":{"type":"Point","coordinates":[-97.67506,30.5479]},"properties":{"brand":"Flock Safety","zone":"traffic","osm":152993426}},{"type":"Feature","geometry":{"type":"Point","coordinates":[-97.21914,26.07203]},"properties":{"brand":"Flock Safety","zone":"traffic","osm":13154281248}},{"type":"Feature","geometry":{"type":"Point","coordinates":[-95.74057,29.91616]},"properties":{"brand":"Flock Safety","zone":"traffic","osm":1516934727}},{"type":"Feature","geometry":{"type":"Point","coordinates":[-85.75587,38.36736]},"properties":{"brand":"Flock Safety","zone":"","osm":179015876}},{"type":"Feature","geometry":{"type":"Point","coordinates":[-80.96036,35.02246]},"properties":{"brand":"Flock Safety","zone":"","osm":544681135}},{"type":"Feature","geometry":{"type":"Point","coordinates":[-114.61318,32.70781]},"properties":{"brand":"Flock Safety","zone":"parking","osm":12941548621}},{"type":"Feature","geometry":{"type":"Point","coordinates":[-107.72816,38.79803]},"properties":{"brand":"Flock Safety","zone":"traffic","osm":12341624199}},{"type":"Feature","geometry":{"type":"Point","coordinates":[-108.49548,37.34724]},"properties":{"brand":"Flock Safety","zone":"traffic","osm":12341624187}},{"type":"Feature","geometry":{"type":"Point","coordinates":[-85.61216,43.04005]},"properties":{"brand":"Flock Safety","zone":"parking","osm":184766304}},{"type":"Feature","geometry":{"type":"Point","coordinates":[-94.90893,38.80718]},"properties":{"brand":"Flock Safety","zone":"","osm":1040996576}},{"type":"Feature","geometry":{"type":"Point","coordinates":[-79.68387,40.31716]},"properties":{"brand":"ALPR","zone":"traffic","osm":1512597369}},{"type":"Feature","geometry":{"type":"Point","coordinates":[-83.0228,39.9795]},"properties":{"brand":"Flock Safety","zone":"traffic","osm":3777088294}},{"type":"Feature","geometry":{"type":"Point","coordinates":[-76.62479,38.70836]},"properties":{"brand":"ALPR","zone":"","osm":6805783471}},{"type":"Feature","geometry":{"type":"Point","coordinates":[-101.93961,33.54603]},"properties":{"brand":"Flock Safety","zone":"traffic","osm":12520897994}},{"type":"Feature","geometry":{"type":"Point","coordinates":[-94.9983,33.17087]},"properties":{"brand":"ALPR","zone":"","osm":2282168652}},{"type":"Feature","geometry":{"type":"Point","coordinates":[-89.5878,44.52266]},"properties":{"brand":"Flock Safety","zone":"traffic","osm":12372669657}},{"type":"Feature","geometry":{"type":"Point","coordinates":[-87.64191,41.90043]},"properties":{"brand":"ALPR","zone":"","osm":261326106}},{"type":"Feature","geometry":{"type":"Point","coordinates":[-73.6324,40.69093]},"properties":{"brand":"ALPR","zone":"","osm":9258504848}},{"type":"Feature","geometry":{"type":"Point","coordinates":[-117.6112,33.58892]},"properties":{"brand":"ALPR","zone":"traffic","osm":346154749}},{"type":"Feature","geometry":{"type":"Point","coordinates":[-119.09939,36.20318]},"properties":{"brand":"Flock Safety","zone":"traffic","osm":9480517459}},{"type":"Feature","geometry":{"type":"Point","coordinates":[-93.21887,45.09588]},"properties":{"brand":"Flock Safety","zone":"traffic","osm":4011704792}},{"type":"Feature","geometry":{"type":"Point","coordinates":[-88.95566,42.24729]},"properties":{"brand":"Illinois State Police","zone":"traffic","osm":11251110358}},{"type":"Feature","geometry":{"type":"Point","coordinates":[-88.15289,40.32416]},"properties":{"brand":"Flock Safety","zone":"traffic","osm":10542792518}},{"type":"Feature","geometry":{"type":"Point","coordinates":[-96.15821,41.30869]},"properties":{"brand":"Flock Safety","zone":"","osm":1936236201}},{"type":"Feature","geometry":{"type":"Point","coordinates":[-67.14086,18.20136]},"properties":{"brand":"Flock Safety","zone":"","osm":13286435855}},{"type":"Feature","geometry":{"type":"Point","coordinates":[-77.51989,38.92368]},"properties":{"brand":"ALPR","zone":"parking_entrance","osm":2580399777}},{"type":"Feature","geometry":{"type":"Point","coordinates":[-77.23036,42.97622]},"properties":{"brand":"ALPR","zone":"traffic","osm":10945232508}},{"type":"Feature","geometry":{"type":"Point","coordinates":[-112.47028,34.5418]},"properties":{"brand":"Flock Safety","zone":"traffic","osm":1986145135}},{"type":"Feature","geometry":{"type":"Point","coordinates":[-122.61533,38.93623]},"properties":{"brand":"ALPR","zone":"traffic","osm":11219577718}},{"type":"Feature","geometry":{"type":"Point","coordinates":[-94.21613,46.35777]},"properties":{"brand":"Flock Safety","zone":"traffic","osm":13018109105}},{"type":"Feature","geometry":{"type":"Point","coordinates":[-92.33443,38.93796]},"properties":{"brand":"Flock Safety","zone":"","osm":12446135275}},{"type":"Feature","geometry":{"type":"Point","coordinates":[-118.37247,46.05744]},"properties":{"brand":"Flock Safety","zone":"traffic","osm":12472581438}},{"type":"Feature","geometry":{"type":"Point","coordinates":[-122.49135,47.17536]},"properties":{"brand":"Flock Safety","zone":"traffic","osm":6892914383}},{"type":"Feature","geometry":{"type":"Point","coordinates":[-97.5655,35.52356]},"properties":{"brand":"ALPR","zone":"traffic","osm":11001547577}},{"type":"Feature","geometry":{"type":"Point","coordinates":[-79.18921,37.34343]},"properties":{"brand":"ALPR","zone":"traffic","osm":11895297181}},{"type":"Feature","geometry":{"type":"Point","coordinates":[-75.64559,35.99438]},"properties":{"brand":"Flock Safety","zone":"traffic","osm":12140263825}},{"type":"Feature","geometry":{"type":"Point","coordinates":[-82.12786,33.53717]},"properties":{"brand":"Flock Safety","zone":"traffic","osm":11372136761}},{"type":"Feature","geometry":{"type":"Point","coordinates":[-90.17474,38.88954]},"properties":{"brand":"Motorola Solutions","zone":"street","osm":9882426486}},{"type":"Feature","geometry":{"type":"Point","coordinates":[-91.76389,37.96689]},"properties":{"brand":"Flock Safety","zone":"traffic","osm":12432137482}},{"type":"Feature","geometry":{"type":"Point","coordinates":[-106.56,35.12276]},"properties":{"brand":"Genetec","zone":"traffic","osm":10844445027}},{"type":"Feature","geometry":{"type":"Point","coordinates":[-90.36482,38.74118]},"properties":{"brand":"ALPR","zone":"","osm":9449104386}},{"type":"Feature","geometry":{"type":"Point","coordinates":[-95.95255,36.74236]},"properties":{"brand":"Flock Safety","zone":"traffic","osm":12349102748}},{"type":"Feature","geometry":{"type":"Point","coordinates":[-110.96848,32.22105]},"properties":{"brand":"ALPR","zone":"parking","osm":10962358405}},{"type":"Feature","geometry":{"type":"Point","coordinates":[-93.69767,41.777]},"properties":{"brand":"Flock Safety","zone":"traffic","osm":12408282781}},{"type":"Feature","geometry":{"type":"Point","coordinates":[-84.12057,33.36153]},"properties":{"brand":"Flock Safety","zone":"","osm":9679122940}},{"type":"Feature","geometry":{"type":"Point","coordinates":[-83.14902,42.20432]},"properties":{"brand":"Flock Safety","zone":"traffic","osm":6612236629}},{"type":"Feature","geometry":{"type":"Point","coordinates":[-92.39484,34.73361]},"properties":{"brand":"Flock Safety","zone":"traffic","osm":12377428561}},{"type":"Feature","geometry":{"type":"Point","coordinates":[-112.46043,42.91046]},"properties":{"brand":"Flock Safety","zone":"parking","osm":13080604870}},{"type":"Feature","geometry":{"type":"Point","coordinates":[-116.66676,43.66223]},"properties":{"brand":"Flock Safety","zone":"traffic_building,town","osm":12892656298}},{"type":"Feature","geometry":{"type":"Point","coordinates":[-120.56105,46.62127]},"properties":{"brand":"Flock Safety","zone":"traffic","osm":8356241595}},{"type":"Feature","geometry":{"type":"Point","coordinates":[-86.56202,36.03368]},"properties":{"brand":"Flock Safety","zone":"","osm":10053284019}},{"type":"Feature","geometry":{"type":"Point","coordinates":[-114.02964,46.84408]},"properties":{"brand":"Flock Safety","zone":"","osm":7587954428}},{"type":"Feature","geometry":{"type":"Point","coordinates":[-105.99595,35.60722]},"properties":{"brand":"Flock Safety","zone":"traffic","osm":11832103005}},{"type":"Feature","geometry":{"type":"Point","coordinates":[-75.37199,37.93776]},"properties":{"brand":"Flock Safety","zone":"traffic","osm":12363459995}},{"type":"Feature","geometry":{"type":"Point","coordinates":[-78.81407,42.89678]},"properties":{"brand":"Genetec","zone":"traffic","osm":10828130058}},{"type":"Feature","geometry":{"type":"Point","coordinates":[-94.41856,35.38244]},"properties":{"brand":"Flock Safety","zone":"traffic","osm":9713382241}},{"type":"Feature","geometry":{"type":"Point","coordinates":[-157.87406,21.31503]},"properties":{"brand":"Flock Safety","zone":"","osm":13204907983}},{"type":"Feature","geometry":{"type":"Point","coordinates":[-96.90533,46.85204]},"properties":{"brand":"Flock Safety","zone":"traffic","osm":10655587511}},{"type":"Feature","geometry":{"type":"Point","coordinates":[-123.80049,46.97755]},"properties":{"brand":"Flock Safety","zone":"traffic","osm":12357218873}},{"type":"Feature","geometry":{"type":"Point","coordinates":[-77.93019,35.38132]},"properties":{"brand":"Flock Safety","zone":"","osm":12117923656}},{"type":"Feature","geometry":{"type":"Point","coordinates":[-80.2444,26.24103]},"properties":{"brand":"Flock Safety","zone":"traffic","osm":12333499780}},{"type":"Feature","geometry":{"type":"Point","coordinates":[-82.46941,36.4185]},"properties":{"brand":"Flock Safety","zone":"traffic","osm":12370964638}},{"type":"Feature","geometry":{"type":"Point","coordinates":[-100.9718,35.54787]},"properties":{"brand":"Flock Safety","zone":"","osm":13151569480}},{"type":"Feature","geometry":{"type":"Point","coordinates":[-92.64999,32.5334]},"properties":{"brand":"ALPR","zone":"traffic","osm":12103787314}},{"type":"Feature","geometry":{"type":"Point","coordinates":[-85.55682,30.24728]},"properties":{"brand":"ALPR","zone":"street","osm":11153432328}},{"type":"Feature","geometry":{"type":"Point","coordinates":[-96.76818,44.32525]},"properties":{"brand":"Flock Safety","zone":"traffic","osm":12624092546}},{"type":"Feature","geometry":{"type":"Point","coordinates":[-74.13921,44.33421]},"properties":{"brand":"Flock Safety","zone":"traffic","osm":13585824901}},{"type":"Feature","geometry":{"type":"Point","coordinates":[-104.21274,32.38605]},"properties":{"brand":"Flock Safety","zone":"traffic","osm":12766662713}},{"type":"Feature","geometry":{"type":"Point","coordinates":[-117.42527,47.71545]},"properties":{"brand":"Flock Safety","zone":"traffic","osm":12385126878}},{"type":"Feature","geometry":{"type":"Point","coordinates":[-122.8561,42.30839]},"properties":{"brand":"Flock Safety","zone":"traffic","osm":12336525849}},{"type":"Feature","geometry":{"type":"Point","coordinates":[-97.36795,27.71074]},"properties":{"brand":"ALPR","zone":"traffic","osm":12184882600}},{"type":"Feature","geometry":{"type":"Point","coordinates":[-89.94709,35.1284]},"properties":{"brand":"ALPR","zone":"area","osm":12331335141}},{"type":"Feature","geometry":{"type":"Point","coordinates":[-112.50889,40.62614]},"properties":{"brand":"Flock Safety","zone":"traffic","osm":12402630951}},{"type":"Feature","geometry":{"type":"Point","coordinates":[-104.66648,38.21457]},"properties":{"brand":"Flock Safety","zone":"traffic","osm":12341624191}},{"type":"Feature","geometry":{"type":"Point","coordinates":[-110.77039,43.47847]},"properties":{"brand":"Flock Safety","zone":"traffic","osm":12341967117}},{"type":"Feature","geometry":{"type":"Point","coordinates":[-119.1373,46.19848]},"properties":{"brand":"Flock Safety","zone":"traffic","osm":12342265699}},{"type":"Feature","geometry":{"type":"Point","coordinates":[-92.03279,30.24492]},"properties":{"brand":"Flock Safety","zone":"traffic","osm":12374712280}},{"type":"Feature","geometry":{"type":"Point","coordinates":[-113.08478,37.64947]},"properties":{"brand":"Flock Safety","zone":"traffic","osm":12995945536}},{"type":"Feature","geometry":{"type":"Point","coordinates":[-90.07153,32.50926]},"properties":{"brand":"ALPR","zone":"entrance","osm":12368864737}},{"type":"Feature","geometry":{"type":"Point","coordinates":[-79.40881,33.18195]},"properties":{"brand":"Flock Safety","zone":"traffic","osm":12469836662}},{"type":"Feature","geometry":{"type":"Point","coordinates":[-100.13358,40.90161]},"properties":{"brand":"Motorola Solutions","zone":"","osm":13046173869}},{"type":"Feature","geometry":{"type":"Point","coordinates":[-110.70262,38.36945]},"properties":{"brand":"Flock Safety","zone":"","osm":13298427539}},{"type":"Feature","geometry":{"type":"Point","coordinates":[-88.46205,43.75152]},"properties":{"brand":"Flock Safety","zone":"traffic","osm":12397281211}},{"type":"Feature","geometry":{"type":"Point","coordinates":[-106.43956,31.8991]},"properties":{"brand":"Flock Safety","zone":"","osm":13076895302}},{"type":"Feature","geometry":{"type":"Point","coordinates":[-85.59537,44.71614]},"properties":{"brand":"Flock Safety","zone":"traffic","osm":12475054056}},{"type":"Feature","geometry":{"type":"Point","coordinates":[-93.75989,44.61049]},"properties":{"brand":"Flock Safety","zone":"traffic","osm":12484696471}},{"type":"Feature","geometry":{"type":"Point","coordinates":[-92.26388,47.37209]},"properties":{"brand":"Flock Safety","zone":"traffic","osm":12485295277}},{"type":"Feature","geometry":{"type":"Point","coordinates":[-81.60639,26.22979]},"properties":{"brand":"Flock Safety","zone":"traffic","osm":12525231892}},{"type":"Feature","geometry":{"type":"Point","coordinates":[-110.01869,34.19661]},"properties":{"brand":"Flock Safety","zone":"","osm":13080338158}},{"type":"Feature","geometry":{"type":"Point","coordinates":[-115.33242,36.15302]},"properties":{"brand":"Flock Safety","zone":"","osm":12886634417}},{"type":"Feature","geometry":{"type":"Point","coordinates":[-114.06056,40.74008]},"properties":{"brand":"ALPR","zone":"traffic","osm":13163159686}},{"type":"Feature","geometry":{"type":"Point","coordinates":[-90.95685,46.5862]},"properties":{"brand":"Flock Safety","zone":"traffic","osm":12786975113}},{"type":"Feature","geometry":{"type":"Point","coordinates":[-99.60046,31.21733]},"properties":{"brand":"Flock Safety","zone":"","osm":13344547848}},{"type":"Feature","geometry":{"type":"Point","coordinates":[-118.70702,38.58266]},"properties":{"brand":"Flock Safety","zone":"traffic","osm":13398476601}},{"type":"Feature","geometry":{"type":"Point","coordinates":[-99.50274,27.5607]},"properties":{"brand":"Flock Safety","zone":"traffic","osm":13167015642}},{"type":"Feature","geometry":{"type":"Point","coordinates":[-124.11161,40.95612]},"properties":{"brand":"Flock Safety","zone":"traffic","osm":12882328177}},{"type":"Feature","geometry":{"type":"Point","coordinates":[-122.46091,48.7716]},"properties":{"brand":"Flock Safety","zone":"traffic","osm":12965257433}},{"type":"Feature","geometry":{"type":"Point","coordinates":[-101.31538,48.2058]},"properties":{"brand":"ALPR","zone":"","osm":12962164195}},{"type":"Feature","geometry":{"type":"Point","coordinates":[-105.42968,31.19162]},"properties":{"brand":"Customs and Border Protection","zone":"traffic","osm":13502852465}},{"type":"Feature","geometry":{"type":"Point","coordinates":[-87.47197,46.5498]},"properties":{"brand":"Flock Safety","zone":"traffic","osm":13039485244}},{"type":"Feature","geometry":{"type":"Point","coordinates":[-103.01804,42.81415]},"properties":{"brand":"Flock Safety","zone":"","osm":13046406559}},{"type":"Feature","geometry":{"type":"Point","coordinates":[-98.81264,38.34555]},"properties":{"brand":"Flock Safety","zone":"traffic","osm":13063900153}},{"type":"Feature","geometry":{"type":"Point","coordinates":[-100.50915,31.4286]},"properties":{"brand":"Flock Safety","zone":"traffic","osm":13167015639}},{"type":"Feature","geometry":{"type":"Point","coordinates":[-100.81226,46.83139]},"properties":{"brand":"Flock Safety","zone":"","osm":13076145426}},{"type":"Feature","geometry":{"type":"Point","coordinates":[-115.28482,36.3014]},"properties":{"brand":"Flock Safety","zone":"","osm":13076452657}},{"type":"Feature","geometry":{"type":"Point","coordinates":[-108.5838,45.75352]},"properties":{"brand":"Flock Safety","zone":"traffic","osm":13318184101}},{"type":"Feature","geometry":{"type":"Point","coordinates":[-111.06159,45.69694]},"properties":{"brand":"Flock Safety","zone":"","osm":13076875733}},{"type":"Feature","geometry":{"type":"Point","coordinates":[-114.46012,42.56362]},"properties":{"brand":"Flock Safety","zone":"","osm":13092786685}},{"type":"Feature","geometry":{"type":"Point","coordinates":[-100.50142,41.42273]},"properties":{"brand":"Flock Safety","zone":"","osm":13099267678}},{"type":"Feature","geometry":{"type":"Point","coordinates":[-105.88894,42.86138]},"properties":{"brand":"Flock Safety","zone":"traffic","osm":13952281501}},{"type":"Feature","geometry":{"type":"Point","coordinates":[-103.18903,44.1003]},"properties":{"brand":"Flock Safety","zone":"traffic","osm":13436160801}},{"type":"Feature","geometry":{"type":"Point","coordinates":[-101.54434,40.85013]},"properties":{"brand":"Flock Safety","zone":"","osm":13395679567}},{"type":"Feature","geometry":{"type":"Point","coordinates":[-102.07312,31.15031]},"properties":{"brand":"Flock Safety","zone":"traffic","osm":13354189401}},{"type":"Feature","geometry":{"type":"Point","coordinates":[-66.11778,18.46448]},"properties":{"brand":"Motorola Solutions","zone":"traffic","osm":13205424303}},{"type":"Feature","geometry":{"type":"Point","coordinates":[-70.2201,44.1188]},"properties":{"brand":"Flock Safety","zone":"","osm":13250462854}},{"type":"Feature","geometry":{"type":"Point","coordinates":[-124.10862,43.96502]},"properties":{"brand":"Flock Safety","zone":"traffic","osm":13267362469}},{"type":"Feature","geometry":{"type":"Point","coordinates":[-108.81291,39.19304]},"properties":{"brand":"Flock Safety","zone":"traffic","osm":13341727502}},{"type":"Feature","geometry":{"type":"Point","coordinates":[-111.34082,47.48268]},"properties":{"brand":"Flock Safety","zone":"traffic","osm":13398674501}},{"type":"Feature","geometry":{"type":"Point","coordinates":[-101.35293,37.57645]},"properties":{"brand":"Flock Safety","zone":"traffic","osm":13310071003}},{"type":"Feature","geometry":{"type":"Point","coordinates":[-124.20044,41.77266]},"properties":{"brand":"Flock Safety","zone":"traffic","osm":13324971901}},{"type":"Feature","geometry":{"type":"Point","coordinates":[-73.21396,44.44176]},"properties":{"brand":"Flock Safety","zone":"traffic","osm":13440554101}},{"type":"Feature","geometry":{"type":"Point","coordinates":[-156.67477,20.88871]},"properties":{"brand":"Motorola Solutions","zone":"","osm":13329654239}},{"type":"Feature","geometry":{"type":"Point","coordinates":[-155.06009,19.70028]},"properties":{"brand":"Flock Safety","zone":"parking","osm":13733341325}},{"type":"Feature","geometry":{"type":"Point","coordinates":[-96.24674,28.71499]},"properties":{"brand":"Flock Safety","zone":"traffic","osm":13362581901}},{"type":"Feature","geometry":{"type":"Point","coordinates":[-120.3121,41.95111]},"properties":{"brand":"Flock Safety","zone":"traffic","osm":14117780601}},{"type":"Feature","geometry":{"type":"Point","coordinates":[-108.10443,43.23561]},"properties":{"brand":"Flock Safety","zone":"traffic","osm":14066568601}},{"type":"Feature","geometry":{"type":"Point","coordinates":[-111.8052,43.80814]},"properties":{"brand":"Motorola Solutions","zone":"traffic","osm":13946108501}},{"type":"Feature","geometry":{"type":"Point","coordinates":[-68.71105,44.83352]},"properties":{"brand":"Leonardo","zone":"traffic","osm":13707090001}},{"type":"Feature","geometry":{"type":"Point","coordinates":[-84.46146,46.25934]},"properties":{"brand":"Flock Safety","zone":"traffic","osm":13956922701}},{"type":"Feature","geometry":{"type":"Point","coordinates":[-134.40908,58.30062]},"properties":{"brand":"Genetec","zone":"traffic","osm":14158088298}},{"type":"Feature","geometry":{"type":"Point","coordinates":[-79.77069,43.76421]},"properties":{"brand":"Genetec","zone":"traffic","osm":2832913943}},{"type":"Feature","geometry":{"type":"Point","coordinates":[-80.98698,46.50194]},"properties":{"brand":"Dahua Technology","zone":"traffic","osm":13104298614}},{"type":"Feature","geometry":{"type":"Point","coordinates":[-76.93891,44.23872]},"properties":{"brand":"ALPR","zone":"traffic","osm":13426518301}},{"type":"Feature","geometry":{"type":"Point","coordinates":[-63.17511,46.27017]},"properties":{"brand":"Flock Safety","zone":"traffic","osm":14026486902}},{"type":"Feature","geometry":{"type":"Point","coordinates":[-63.13283,46.24242]},"properties":{"brand":"Flock Safety","zone":"traffic","osm":14026846701}},{"type":"Feature","geometry":{"type":"Point","coordinates":[-83.51011,35.72485]},"properties":{"brand":"Flock Safety","zone":"traffic","osm":3358378465}},{"type":"Feature","geometry":{"type":"Point","coordinates":[-81.72551,28.54771]},"properties":{"brand":"Flock Safety","zone":"","osm":3184127087}},{"type":"Feature","geometry":{"type":"Point","coordinates":[-102.85523,35.2304]},"properties":{"brand":"ALPR","zone":"traffic","osm":11019052026}},{"type":"Feature","geometry":{"type":"Point","coordinates":[-122.40333,37.93243]},"properties":{"brand":"Bay Area Toll Authority","zone":"traffic","osm":57798203}},{"type":"Feature","geometry":{"type":"Point","coordinates":[-123.13675,44.06317]},"properties":{"brand":"ALPR","zone":"police","osm":10246157054}},{"type":"Feature","geometry":{"type":"Point","coordinates":[-73.77105,41.36598]},"properties":{"brand":"Rekor","zone":"traffic","osm":261525703}},{"type":"Feature","geometry":{"type":"Point","coordinates":[-112.11147,33.71042]},"properties":{"brand":"Flock Safety","zone":"","osm":1990598964}},{"type":"Feature","geometry":{"type":"Point","coordinates":[-74.30242,40.25656]},"properties":{"brand":"Leonardo","zone":"","osm":104633967}},{"type":"Feature","geometry":{"type":"Point","coordinates":[-105.07116,39.71178]},"properties":{"brand":"Flock Safety","zone":"entrance","osm":2083971640}},{"type":"Feature","geometry":{"type":"Point","coordinates":[-87.00011,30.39996]},"properties":{"brand":"Motorola Solutions","zone":"traffic","osm":12352417647}},{"type":"Feature","geometry":{"type":"Point","coordinates":[-87.46973,37.97973]},"properties":{"brand":"Flock Safety","zone":"traffic","osm":3590114695}},{"type":"Feature","geometry":{"type":"Point","coordinates":[-86.86868,33.10475]},"properties":{"brand":"Flock Safety","zone":"traffic","osm":12337417053}},{"type":"Feature","geometry":{"type":"Point","coordinates":[-121.11243,39.2329]},"properties":{"brand":"Flock Safety","zone":"traffic","osm":12417498367}},{"type":"Feature","geometry":{"type":"Point","coordinates":[-71.58652,42.24956]},"properties":{"brand":"Massachusetts Department of Transportation","zone":"traffic","osm":63060949}},{"type":"Feature","geometry":{"type":"Point","coordinates":[-70.94594,42.19995]},"properties":{"brand":"Flock Safety","zone":"","osm":402991869}},{"type":"Feature","geometry":{"type":"Point","coordinates":[-85.54432,36.1194]},"properties":{"brand":"ALPR","zone":"street","osm":203375129}},{"type":"Feature","geometry":{"type":"Point","coordinates":[-96.90328,32.62925]},"properties":{"brand":"Flock Safety","zone":"traffic","osm":81921327}},{"type":"Feature","geometry":{"type":"Point","coordinates":[-119.37676,36.53119]},"properties":{"brand":"Flock Safety","zone":"","osm":10576342591}},{"type":"Feature","geometry":{"type":"Point","coordinates":[-81.27657,29.65233]},"properties":{"brand":"Flock Safety","zone":"traffic","osm":446186073}},{"type":"Feature","geometry":{"type":"Point","coordinates":[-80.20406,26.37161]},"properties":{"brand":"Flock Safety","zone":"entrance","osm":1718048643}},{"type":"Feature","geometry":{"type":"Point","coordinates":[-80.91469,29.00505]},"properties":{"brand":"Flock Safety","zone":"traffic","osm":5976002358}},{"type":"Feature","geometry":{"type":"Point","coordinates":[-84.77904,39.51559]},"properties":{"brand":"Flock Safety","zone":"","osm":3475104154}},{"type":"Feature","geometry":{"type":"Point","coordinates":[-97.21386,38.93911]},"properties":{"brand":"Flock Safety","zone":"traffic","osm":12669422393}},{"type":"Feature","geometry":{"type":"Point","coordinates":[-118.05715,34.07237]},"properties":{"brand":"Los Angeles County Metropolitan Transportation A","zone":"traffic","osm":268542395}},{"type":"Feature","geometry":{"type":"Point","coordinates":[-97.33561,37.67155]},"properties":{"brand":"Flock Safety","zone":"","osm":6344224132}},{"type":"Feature","geometry":{"type":"Point","coordinates":[-90.42792,29.9434]},"properties":{"brand":"ALPR","zone":"traffic","osm":123642062}},{"type":"Feature","geometry":{"type":"Point","coordinates":[-96.75132,43.51248]},"properties":{"brand":"Flock Safety","zone":"parking","osm":12408121974}},{"type":"Feature","geometry":{"type":"Point","coordinates":[-98.05853,30.40677]},"properties":{"brand":"Flock Safety","zone":"","osm":1404135137}},{"type":"Feature","geometry":{"type":"Point","coordinates":[-97.98113,26.17463]},"properties":{"brand":"Flock Safety","zone":"","osm":13165998286}},{"type":"Feature","geometry":{"type":"Point","coordinates":[-95.48393,30.28352]},"properties":{"brand":"Flock Safety","zone":"street","osm":2496879863}},{"type":"Feature","geometry":{"type":"Point","coordinates":[-85.67034,38.19983]},"properties":{"brand":"Flock Safety","zone":"traffic","osm":7112218608}},{"type":"Feature","geometry":{"type":"Point","coordinates":[-81.05441,35.22023]},"properties":{"brand":"Flock Safety","zone":"","osm":1247537787}},{"type":"Feature","geometry":{"type":"Point","coordinates":[-114.61326,32.70864]},"properties":{"brand":"Flock Safety","zone":"parking","osm":12941551390}},{"type":"Feature","geometry":{"type":"Point","coordinates":[-107.71243,38.79814]},"properties":{"brand":"Flock Safety","zone":"traffic","osm":12341624200}},{"type":"Feature","geometry":{"type":"Point","coordinates":[-107.88076,36.97638]},"properties":{"brand":"Flock Safety","zone":"traffic","osm":12516125599}},{"type":"Feature","geometry":{"type":"Point","coordinates":[-85.49115,43.23489]},"properties":{"brand":"Flock Safety","zone":"traffic","osm":185049916}},{"type":"Feature","geometry":{"type":"Point","coordinates":[-94.90904,38.81113]},"properties":{"brand":"Flock Safety","zone":"traffic","osm":1797817076}},{"type":"Feature","geometry":{"type":"Point","coordinates":[-79.68398,40.3172]},"properties":{"brand":"ALPR","zone":"traffic","osm":1512597372}},{"type":"Feature","geometry":{"type":"Point","coordinates":[-82.87954,40.01905]},"properties":{"brand":"Flock Safety","zone":"","osm":5352257802}},{"type":"Feature","geometry":{"type":"Point","coordinates":[-76.57271,38.55278]},"properties":{"brand":"Flock_Safety","zone":"","osm":8359212982}},{"type":"Feature","geometry":{"type":"Point","coordinates":[-101.93938,33.54515]},"properties":{"brand":"Flock Safety","zone":"traffic","osm":12520917409}},{"type":"Feature","geometry":{"type":"Point","coordinates":[-95.00066,33.17203]},"properties":{"brand":"ALPR","zone":"traffic","osm":2301244440}},{"type":"Feature","geometry":{"type":"Point","coordinates":[-89.58771,44.5224]},"properties":{"brand":"Flock Safety","zone":"traffic","osm":12372669658}},{"type":"Feature","geometry":{"type":"Point","coordinates":[-87.95591,41.66911]},"properties":{"brand":"ALPR","zone":"traffic","osm":261350820}},{"type":"Feature","geometry":{"type":"Point","coordinates":[-73.51063,40.81058]},"properties":{"brand":"Flock Safety","zone":"traffic","osm":12335798423}},{"type":"Feature","geometry":{"type":"Point","coordinates":[-117.61009,33.58947]},"properties":{"brand":"ALPR","zone":"traffic","osm":346157701}},{"type":"Feature","geometry":{"type":"Point","coordinates":[-119.07985,36.21082]},"properties":{"brand":"Flock Safety","zone":"","osm":11833015816}},{"type":"Feature","geometry":{"type":"Point","coordinates":[-93.35176,44.96751]},"properties":{"brand":"Flock Safety","zone":"","osm":4184747855}},{"type":"Feature","geometry":{"type":"Point","coordinates":[-88.95566,42.24723]},"properties":{"brand":"Illinois State Police","zone":"traffic","osm":11251110374}},{"type":"Feature","geometry":{"type":"Point","coordinates":[-88.15268,40.32413]},"properties":{"brand":"Flock Safety","zone":"traffic","osm":10542792519}},{"type":"Feature","geometry":{"type":"Point","coordinates":[-96.18496,41.26164]},"properties":{"brand":"Flock Safety","zone":"traffic","osm":12067395341}},{"type":"Feature","geometry":{"type":"Point","coordinates":[-67.14013,18.20626]},"properties":{"brand":"Flock Safety","zone":"","osm":13290050095}},{"type":"Feature","geometry":{"type":"Point","coordinates":[-77.84835,40.78456]},"properties":{"brand":"ALPR","zone":"traffic","osm":3415380303}},{"type":"Feature","geometry":{"type":"Point","coordinates":[-77.23036,42.97626]},"properties":{"brand":"ALPR","zone":"traffic","osm":10945232509}},{"type":"Feature","geometry":{"type":"Point","coordinates":[-112.46717,34.54186]},"properties":{"brand":"Flock Safety","zone":"traffic","osm":1986145251}},{"type":"Feature","geometry":{"type":"Point","coordinates":[-121.27844,39.20431]},"properties":{"brand":"Flock Safety","zone":"traffic","osm":12417498372}},{"type":"Feature","geometry":{"type":"Point","coordinates":[-95.91734,46.99175]},"properties":{"brand":"Flock Safety","zone":"","osm":13071238159}},{"type":"Feature","geometry":{"type":"Point","coordinates":[-92.33411,38.93795]},"properties":{"brand":"Flock Safety","zone":"traffic","osm":12446135276}},{"type":"Feature","geometry":{"type":"Point","coordinates":[-118.37233,46.05697]},"properties":{"brand":"Flock Safety","zone":"traffic","osm":12485378153}},{"type":"Feature","geometry":{"type":"Point","coordinates":[-122.05575,47.53627]},"properties":{"brand":"Flock Safety","zone":"residential","osm":7614656363}},{"type":"Feature","geometry":{"type":"Point","coordinates":[-97.56579,35.52322]},"properties":{"brand":"ALPR","zone":"traffic","osm":11001547578}},{"type":"Feature","geometry":{"type":"Point","coordinates":[-79.16983,37.43505]},"properties":{"brand":"ALPR","zone":"","osm":11904110164}},{"type":"Feature","geometry":{"type":"Point","coordinates":[-75.74233,36.093]},"properties":{"brand":"Flock Safety","zone":"traffic","osm":12825649831}},{"type":"Feature","geometry":{"type":"Point","coordinates":[-82.12548,33.536]},"properties":{"brand":"Flock Safety","zone":"traffic","osm":11372136764}},{"type":"Feature","geometry":{"type":"Point","coordinates":[-89.66798,39.78995]},"properties":{"brand":"Flock Safety","zone":"traffic","osm":11046941161}},{"type":"Feature","geometry":{"type":"Point","coordinates":[-91.52637,38.03367]},"properties":{"brand":"Flock Safety","zone":"traffic","osm":12432140850}},{"type":"Feature","geometry":{"type":"Point","coordinates":[-106.65647,35.19317]},"properties":{"brand":"Flock Safety","zone":"traffic","osm":12381010187}},{"type":"Feature","geometry":{"type":"Point","coordinates":[-90.24301,38.59743]},"properties":{"brand":"Genetec","zone":"traffic","osm":9747815073}},{"type":"Feature","geometry":{"type":"Point","coordinates":[-95.95066,36.74236]},"properties":{"brand":"Flock Safety","zone":"traffic","osm":12349102749}},{"type":"Feature","geometry":{"type":"Point","coordinates":[-110.96827,32.22099]},"properties":{"brand":"ALPR","zone":"parking","osm":10962358409}},{"type":"Feature","geometry":{"type":"Point","coordinates":[-93.70995,41.78658]},"properties":{"brand":"Flock Safety","zone":"traffic","osm":12408282782}},{"type":"Feature","geometry":{"type":"Point","coordinates":[-84.86802,32.58326]},"properties":{"brand":"Flock Safety","zone":"","osm":10723731521}},{"type":"Feature","geometry":{"type":"Point","coordinates":[-81.43891,41.5202]},"properties":{"brand":"ALPR","zone":"traffic","osm":8948981708}},{"type":"Feature","geometry":{"type":"Point","coordinates":[-92.22474,34.71865]},"properties":{"brand":"Flock Safety","zone":"traffic","osm":12537358658}},{"type":"Feature","geometry":{"type":"Point","coordinates":[-112.46192,42.91095]},"properties":{"brand":"Flock Safety","zone":"parking","osm":13080604871}},{"type":"Feature","geometry":{"type":"Point","coordinates":[-116.66201,43.66267]},"properties":{"brand":"Flock Safety","zone":"traffic","osm":12892676059}},{"type":"Feature","geometry":{"type":"Point","coordinates":[-120.56063,46.6211]},"properties":{"brand":"Flock Safety","zone":"","osm":8356241598}},{"type":"Feature","geometry":{"type":"Point","coordinates":[-86.48701,34.66161]},"properties":{"brand":"Flock Safety","zone":"parking","osm":12187369976}},{"type":"Feature","geometry":{"type":"Point","coordinates":[-114.03725,46.89193]},"properties":{"brand":"Flock Safety","zone":"traffic","osm":12726262822}},{"type":"Feature","geometry":{"type":"Point","coordinates":[-106.06694,36.0083]},"properties":{"brand":"Flock Safety","zone":"traffic","osm":12769012610}},{"type":"Feature","geometry":{"type":"Point","coordinates":[-76.19337,36.87744]},"properties":{"brand":"Flock Safety","zone":"traffic","osm":12377627326}},{"type":"Feature","geometry":{"type":"Point","coordinates":[-78.8141,42.89678]},"properties":{"brand":"Genetec","zone":"traffic","osm":10828130059}},{"type":"Feature","geometry":{"type":"Point","coordinates":[-95.96104,36.11832]},"properties":{"brand":"Flock Safety","zone":"traffic","osm":9866792776}},{"type":"Feature","geometry":{"type":"Point","coordinates":[-158.00738,21.4003]},"properties":{"brand":"Flock Safety","zone":"","osm":13204959360}},{"type":"Feature","geometry":{"type":"Point","coordinates":[-96.90426,46.86192]},"properties":{"brand":"Flock Safety","zone":"traffic","osm":10656314575}},{"type":"Feature","geometry":{"type":"Point","coordinates":[-123.88225,46.97908]},"properties":{"brand":"Flock Safety","zone":"","osm":12869402688}},{"type":"Feature","geometry":{"type":"Point","coordinates":[-77.56318,34.44987]},"properties":{"brand":"Flock Safety","zone":"traffic","osm":12367576133}},{"type":"Feature","geometry":{"type":"Point","coordinates":[-80.33015,26.11596]},"properties":{"brand":"Flock Safety","zone":"traffic","osm":12337549961}},{"type":"Feature","geometry":{"type":"Point","coordinates":[-82.21029,36.56157]},"properties":{"brand":"Flock Safety","zone":"traffic","osm":12377387184}},{"type":"Feature","geometry":{"type":"Point","coordinates":[-100.97052,35.56222]},"properties":{"brand":"Flock Safety","zone":"","osm":13151587740}},{"type":"Feature","geometry":{"type":"Point","coordinates":[-92.6497,32.53297]},"properties":{"brand":"ALPR","zone":"traffic","osm":12103787316}},{"type":"Feature","geometry":{"type":"Point","coordinates":[-85.65026,30.18204]},"properties":{"brand":"Flock Safety","zone":"street","osm":11153434147}},{"type":"Feature","geometry":{"type":"Point","coordinates":[-96.76227,44.31414]},"properties":{"brand":"Flock Safety","zone":"traffic","osm":12624772150}},{"type":"Feature","geometry":{"type":"Point","coordinates":[-74.12319,44.32214]},"properties":{"brand":"Flock Safety","zone":"traffic","osm":13588444548}},{"type":"Feature","geometry":{"type":"Point","coordinates":[-104.22132,32.41798]},"properties":{"brand":"ALPR","zone":"traffic","osm":12766662714}},{"type":"Feature","geometry":{"type":"Point","coordinates":[-117.43563,47.66573]},"properties":{"brand":"Neology, Inc.","zone":"traffic","osm":12385126880}},{"type":"Feature","geometry":{"type":"Point","coordinates":[-122.85433,42.3095]},"properties":{"brand":"Flock Safety","zone":"traffic","osm":12336525850}},{"type":"Feature","geometry":{"type":"Point","coordinates":[-97.36724,27.7104]},"properties":{"brand":"ALPR","zone":"traffic","osm":12184895901}},{"type":"Feature","geometry":{"type":"Point","coordinates":[-89.94795,35.12865]},"properties":{"brand":"Flock Safety","zone":"traffic","osm":12332551987}},{"type":"Feature","geometry":{"type":"Point","coordinates":[-112.37115,40.61301]},"properties":{"brand":"Flock Safety","zone":"traffic","osm":12402630952}},{"type":"Feature","geometry":{"type":"Point","coordinates":[-104.64519,38.21852]},"properties":{"brand":"Flock Safety","zone":"traffic","osm":12341624192}},{"type":"Feature","geometry":{"type":"Point","coordinates":[-110.76988,43.47848]},"properties":{"brand":"Flock Safety","zone":"traffic","osm":12341967118}},{"type":"Feature","geometry":{"type":"Point","coordinates":[-119.15108,46.21403]},"properties":{"brand":"Flock Safety","zone":"traffic","osm":12342298801}},{"type":"Feature","geometry":{"type":"Point","coordinates":[-92.05641,30.16327]},"properties":{"brand":"Flock Safety","zone":"traffic","osm":12374876841}},{"type":"Feature","geometry":{"type":"Point","coordinates":[-113.05055,37.72649]},"properties":{"brand":"Flock Safety","zone":"traffic","osm":12999874462}},{"type":"Feature","geometry":{"type":"Point","coordinates":[-90.07671,32.51561]},"properties":{"brand":"ALPR","zone":"traffic","osm":12368864738}},{"type":"Feature","geometry":{"type":"Point","coordinates":[-79.02997,33.57319]},"properties":{"brand":"Flock Safety","zone":"traffic","osm":12469842898}},{"type":"Feature","geometry":{"type":"Point","coordinates":[-100.1336,40.90158]},"properties":{"brand":"Motorola Solutions","zone":"","osm":13046173870}},{"type":"Feature","geometry":{"type":"Point","coordinates":[-109.57437,38.60033]},"properties":{"brand":"Flock Safety","zone":"traffic","osm":13506625408}},{"type":"Feature","geometry":{"type":"Point","coordinates":[-88.46225,43.75218]},"properties":{"brand":"Flock Safety","zone":"traffic","osm":12397281212}},{"type":"Feature","geometry":{"type":"Point","coordinates":[-106.43834,31.89932]},"properties":{"brand":"Flock Safety","zone":"","osm":13076895303}},{"type":"Feature","geometry":{"type":"Point","coordinates":[-85.57538,44.73326]},"properties":{"brand":"Flock Safety","zone":"traffic","osm":12475054057}},{"type":"Feature","geometry":{"type":"Point","coordinates":[-93.76906,44.61574]},"properties":{"brand":"Flock Safety","zone":"traffic","osm":12484696473}},{"type":"Feature","geometry":{"type":"Point","coordinates":[-92.97762,47.55024]},"properties":{"brand":"Flock Safety","zone":"traffic","osm":13318140001}},{"type":"Feature","geometry":{"type":"Point","coordinates":[-81.69529,26.18448]},"properties":{"brand":"Flock Safety","zone":"traffic","osm":12800448923}},{"type":"Feature","geometry":{"type":"Point","coordinates":[-109.99131,34.26158]},"properties":{"brand":"Flock Safety","zone":"","osm":13121673245}},{"type":"Feature","geometry":{"type":"Point","coordinates":[-115.19032,36.03992]},"properties":{"brand":"Flock Safety","zone":"","osm":13060710539}},{"type":"Feature","geometry":{"type":"Point","coordinates":[-115.12304,38.99941]},"properties":{"brand":"Flock Safety","zone":"traffic","osm":13927644001}},{"type":"Feature","geometry":{"type":"Point","coordinates":[-90.90517,46.58303]},"properties":{"brand":"Flock Safety","zone":"","osm":13176338628}},{"type":"Feature","geometry":{"type":"Point","coordinates":[-101.17068,31.1277]},"properties":{"brand":"Flock Safety","zone":"traffic","osm":13352420101}},{"type":"Feature","geometry":{"type":"Point","coordinates":[-118.52265,38.53924]},"properties":{"brand":"Flock Safety","zone":"traffic","osm":13416534301}},{"type":"Feature","geometry":{"type":"Point","coordinates":[-99.50109,27.5623]},"properties":{"brand":"Flock Safety","zone":"traffic","osm":13167015643}},{"type":"Feature","geometry":{"type":"Point","coordinates":[-124.11477,40.78623]},"properties":{"brand":"Flock Safety","zone":"","osm":12894247747}},{"type":"Feature","geometry":{"type":"Point","coordinates":[-122.4595,48.77134]},"properties":{"brand":"Flock Safety","zone":"traffic","osm":12974221344}},{"type":"Feature","geometry":{"type":"Point","coordinates":[-101.31545,48.20645]},"properties":{"brand":"ALPR","zone":"","osm":12962164196}},{"type":"Feature","geometry":{"type":"Point","coordinates":[-104.39097,29.56232]},"properties":{"brand":"Customs and Border Protection","zone":"traffic","osm":13502852466}},{"type":"Feature","geometry":{"type":"Point","coordinates":[-87.47172,46.55054]},"properties":{"brand":"Flock Safety","zone":"traffic","osm":13885495901}},{"type":"Feature","geometry":{"type":"Point","coordinates":[-102.98624,42.82843]},"properties":{"brand":"Flock Safety","zone":"","osm":13046406560}},{"type":"Feature","geometry":{"type":"Point","coordinates":[-98.98161,38.26415]},"properties":{"brand":"Flock Safety","zone":"traffic","osm":13063911626}},{"type":"Feature","geometry":{"type":"Point","coordinates":[-100.50815,31.42902]},"properties":{"brand":"Flock Safety","zone":"traffic","osm":13167015640}},{"type":"Feature","geometry":{"type":"Point","coordinates":[-100.78482,46.79529]},"properties":{"brand":"Flock Safety","zone":"parking","osm":13309177420}},{"type":"Feature","geometry":{"type":"Point","coordinates":[-115.24366,36.25044]},"properties":{"brand":"Motorola Solutions","zone":"","osm":13172127241}},{"type":"Feature","geometry":{"type":"Point","coordinates":[-108.58364,45.75435]},"properties":{"brand":"Flock Safety","zone":"traffic","osm":13318184801}},{"type":"Feature","geometry":{"type":"Point","coordinates":[-111.06153,45.69914]},"properties":{"brand":"Flock Safety","zone":"traffic","osm":13323223101}},{"type":"Feature","geometry":{"type":"Point","coordinates":[-114.44118,42.54838]},"properties":{"brand":"Flock Safety","zone":"","osm":13092786686}},{"type":"Feature","geometry":{"type":"Point","coordinates":[-100.50202,41.48055]},"properties":{"brand":"Flock Safety","zone":"","osm":13104694988}},{"type":"Feature","geometry":{"type":"Point","coordinates":[-105.83967,42.90092]},"properties":{"brand":"Flock Safety","zone":"traffic","osm":13995694634}},{"type":"Feature","geometry":{"type":"Point","coordinates":[-103.18956,44.09977]},"properties":{"brand":"Flock Safety","zone":"traffic","osm":13436670601}},{"type":"Feature","geometry":{"type":"Point","coordinates":[-101.38887,40.84459]},"properties":{"brand":"Flock Safety","zone":"","osm":13395689157}},{"type":"Feature","geometry":{"type":"Point","coordinates":[-103.57981,30.19795]},"properties":{"brand":"Customs and Border Protection","zone":"traffic","osm":13502852469}},{"type":"Feature","geometry":{"type":"Point","coordinates":[-66.11778,18.46448]},"properties":{"brand":"Motorola Solutions","zone":"traffic","osm":13205424901}},{"type":"Feature","geometry":{"type":"Point","coordinates":[-70.21235,44.08901]},"properties":{"brand":"Flock Safety","zone":"","osm":13250468124}},{"type":"Feature","geometry":{"type":"Point","coordinates":[-124.10363,43.9743]},"properties":{"brand":"Flock Safety","zone":"traffic","osm":13328566202}},{"type":"Feature","geometry":{"type":"Point","coordinates":[-109.06304,40.27945]},"properties":{"brand":"Flock Safety","zone":"traffic","osm":13397589701}},{"type":"Feature","geometry":{"type":"Point","coordinates":[-111.33957,47.48266]},"properties":{"brand":"Flock Safety","zone":"traffic","osm":13819911401}},{"type":"Feature","geometry":{"type":"Point","coordinates":[-101.35293,37.57645]},"properties":{"brand":"Flock Safety","zone":"traffic","osm":13310072401}},{"type":"Feature","geometry":{"type":"Point","coordinates":[-124.20044,41.77266]},"properties":{"brand":"Flock Safety","zone":"traffic","osm":13324972201}},{"type":"Feature","geometry":{"type":"Point","coordinates":[-73.49318,44.69636]},"properties":{"brand":"Flock Safety","zone":"traffic","osm":13456401201}},{"type":"Feature","geometry":{"type":"Point","coordinates":[-156.67509,20.8886]},"properties":{"brand":"Motorola Solutions","zone":"","osm":13329658619}},{"type":"Feature","geometry":{"type":"Point","coordinates":[-155.98736,19.64637]},"properties":{"brand":"Flock Safety","zone":"","osm":13767990302}},{"type":"Feature","geometry":{"type":"Point","coordinates":[-96.21016,28.7433]},"properties":{"brand":"Flock Safety","zone":"traffic","osm":13362644201}},{"type":"Feature","geometry":{"type":"Point","coordinates":[-108.37719,43.00533]},"properties":{"brand":"Neology, Inc.","zone":"traffic","osm":14130246001}},{"type":"Feature","geometry":{"type":"Point","coordinates":[-111.75532,43.86956]},"properties":{"brand":"Ubiquiti","zone":"traffic","osm":13963684401}},{"type":"Feature","geometry":{"type":"Point","coordinates":[-68.71404,44.76828]},"properties":{"brand":"Axon Enterprise","zone":"traffic","osm":13962883306}},{"type":"Feature","geometry":{"type":"Point","coordinates":[-85.50993,46.33543]},"properties":{"brand":"Flock Safety","zone":"traffic","osm":13988547001}},{"type":"Feature","geometry":{"type":"Point","coordinates":[-134.40845,58.30009]},"properties":{"brand":"Genetec","zone":"traffic","osm":14158863486}},{"type":"Feature","geometry":{"type":"Point","coordinates":[-79.77101,43.76445]},"properties":{"brand":"Genetec","zone":"traffic","osm":2832919564}},{"type":"Feature","geometry":{"type":"Point","coordinates":[-80.90712,46.53723]},"properties":{"brand":"Dahua Technology","zone":"traffic","osm":13585827188}},{"type":"Feature","geometry":{"type":"Point","coordinates":[-76.97284,44.22775]},"properties":{"brand":"ALPR","zone":"traffic","osm":13427169501}},{"type":"Feature","geometry":{"type":"Point","coordinates":[-83.43165,36.03637]},"properties":{"brand":"Flock Safety","zone":"traffic","osm":10879372882}},{"type":"Feature","geometry":{"type":"Point","coordinates":[-82.32893,28.19647]},"properties":{"brand":"Axon","zone":"traffic","osm":3605601286}},{"type":"Feature","geometry":{"type":"Point","coordinates":[-101.92052,35.15678]},"properties":{"brand":"Flock Safety","zone":"traffic","osm":12436906596}},{"type":"Feature","geometry":{"type":"Point","coordinates":[-122.1348,38.2196]},"properties":{"brand":"Flock Safety","zone":"traffic","osm":62381180}},{"type":"Feature","geometry":{"type":"Point","coordinates":[-123.08203,44.04559]},"properties":{"brand":"Flock Safety","zone":"","osm":10909775211}},{"type":"Feature","geometry":{"type":"Point","coordinates":[-73.79843,41.37391]},"properties":{"brand":"Rekor","zone":"traffic","osm":261781924}},{"type":"Feature","geometry":{"type":"Point","coordinates":[-112.11102,33.71186]},"properties":{"brand":"Flock Safety","zone":"","osm":1990599024}},{"type":"Feature","geometry":{"type":"Point","coordinates":[-74.60359,41.06436]},"properties":{"brand":"Flock Safety","zone":"","osm":105361863}},{"type":"Feature","geometry":{"type":"Point","coordinates":[-105.90632,40.11883]},"properties":{"brand":"Flock Safety","zone":"traffic","osm":3143503022}},{"type":"Feature","geometry":{"type":"Point","coordinates":[-86.99979,30.39963]},"properties":{"brand":"Motorola Solutions","zone":"traffic","osm":12352417648}},{"type":"Feature","geometry":{"type":"Point","coordinates":[-87.44183,37.97658]},"properties":{"brand":"Flock Safety","zone":"traffic","osm":6899161877}},{"type":"Feature","geometry":{"type":"Point","coordinates":[-86.86861,33.10483]},"properties":{"brand":"Flock Safety","zone":"traffic","osm":12337430653}},{"type":"Feature","geometry":{"type":"Point","coordinates":[-121.20504,39.20544]},"properties":{"brand":"Flock Safety","zone":"traffic","osm":12417498368}},{"type":"Feature","geometry":{"type":"Point","coordinates":[-72.20511,42.18047]},"properties":{"brand":"Massachusetts Department of Transportation","zone":"traffic","osm":69988650}},{"type":"Feature","geometry":{"type":"Point","coordinates":[-71.06268,42.37061]},"properties":{"brand":"Raytheon","zone":"traffic","osm":621520376}},{"type":"Feature","geometry":{"type":"Point","coordinates":[-85.5641,36.08393]},"properties":{"brand":"ALPR","zone":"street","osm":203396727}},{"type":"Feature","geometry":{"type":"Point","coordinates":[-97.28783,32.87712]},"properties":{"brand":"ALPR","zone":"","osm":82546784}},{"type":"Feature","geometry":{"type":"Point","coordinates":[-119.31823,36.32581]},"properties":{"brand":"Flock Safety","zone":"traffic","osm":12350463979}},{"type":"Feature","geometry":{"type":"Point","coordinates":[-81.53631,30.25464]},"properties":{"brand":"Flock Safety","zone":"","osm":1493986360}},{"type":"Feature","geometry":{"type":"Point","coordinates":[-80.20214,26.36634]},"properties":{"brand":"Flock Safety","zone":"traffic","osm":1725626664}},{"type":"Feature","geometry":{"type":"Point","coordinates":[-80.95394,29.12091]},"properties":{"brand":"Motorola Solutions","zone":"traffic","osm":12362411848}},{"type":"Feature","geometry":{"type":"Point","coordinates":[-86.03546,39.74833]},"properties":{"brand":"ALPR","zone":"traffic","osm":5832395700}},{"type":"Feature","geometry":{"type":"Point","coordinates":[-97.21325,38.92988]},"properties":{"brand":"Flock Safety","zone":"traffic","osm":12669442060}},{"type":"Feature","geometry":{"type":"Point","coordinates":[-117.71637,33.82437]},"properties":{"brand":"Transportation Corridor Agencies","zone":"traffic","osm":331371354}},{"type":"Feature","geometry":{"type":"Point","coordinates":[-97.31719,37.68983]},"properties":{"brand":"Flock Safety","zone":"traffic","osm":6353318884}},{"type":"Feature","geometry":{"type":"Point","coordinates":[-90.37517,29.937]},"properties":{"brand":"ALPR","zone":"traffic","osm":123664967}},{"type":"Feature","geometry":{"type":"Point","coordinates":[-96.75493,43.51392]},"properties":{"brand":"Flock Safety","zone":"parking","osm":12408121975}},{"type":"Feature","geometry":{"type":"Point","coordinates":[-97.93352,30.39134]},"properties":{"brand":"Flock Safety","zone":"traffic","osm":3862265063}},{"type":"Feature","geometry":{"type":"Point","coordinates":[-97.97475,26.16479]},"properties":{"brand":"Motorola Solutions","zone":"traffic","osm":13166001061}},{"type":"Feature","geometry":{"type":"Point","coordinates":[-95.33775,29.72545]},"properties":{"brand":"Flock Safety","zone":"traffic","osm":7238184545}},{"type":"Feature","geometry":{"type":"Point","coordinates":[-84.50187,38.02532]},"properties":{"brand":"ALPR","zone":"street","osm":10848073235}},{"type":"Feature","geometry":{"type":"Point","coordinates":[-80.96314,35.02568]},"properties":{"brand":"Flock Safety","zone":"","osm":1471554229}},{"type":"Feature","geometry":{"type":"Point","coordinates":[-114.61326,32.70873]},"properties":{"brand":"Flock Safety","zone":"parking","osm":12941571728}},{"type":"Feature","geometry":{"type":"Point","coordinates":[-107.31928,39.51823]},"properties":{"brand":"Flock Safety","zone":"traffic","osm":12712315025}},{"type":"Feature","geometry":{"type":"Point","coordinates":[-107.86932,37.30336]},"properties":{"brand":"Flock Safety","zone":"traffic","osm":12755414532}},{"type":"Feature","geometry":{"type":"Point","coordinates":[-85.6367,43.09311]},"properties":{"brand":"Flock Safety","zone":"traffic","osm":2946316734}},{"type":"Feature","geometry":{"type":"Point","coordinates":[-95.9086,41.14036]},"properties":{"brand":"ALPR","zone":"traffic","osm":3911524128}},{"type":"Feature","geometry":{"type":"Point","coordinates":[-79.68377,40.31731]},"properties":{"brand":"ALPR","zone":"traffic","osm":1512597376}},{"type":"Feature","geometry":{"type":"Point","coordinates":[-82.92628,40.08898]},"properties":{"brand":"Flock Safety","zone":"traffic","osm":5914364777}},{"type":"Feature","geometry":{"type":"Point","coordinates":[-76.63465,36.96821]},"properties":{"brand":"Flock Safety","zone":"traffic","osm":9451456653}},{"type":"Feature","geometry":{"type":"Point","coordinates":[-101.87033,33.5934]},"properties":{"brand":"Flock Safety","zone":"traffic","osm":12587816030}},{"type":"Feature","geometry":{"type":"Point","coordinates":[-95.56583,32.67534]},"properties":{"brand":"Flock Safety","zone":"traffic","osm":6146658901}},{"type":"Feature","geometry":{"type":"Point","coordinates":[-89.57576,44.54034]},"properties":{"brand":"Flock Safety","zone":"traffic","osm":12372669746}},{"type":"Feature","geometry":{"type":"Point","coordinates":[-87.90625,42.18995]},"properties":{"brand":"Flock Safety","zone":"traffic","osm":2399926820}},{"type":"Feature","geometry":{"type":"Point","coordinates":[-73.51044,40.81102]},"properties":{"brand":"Flock Safety","zone":"traffic","osm":12335819066}},{"type":"Feature","geometry":{"type":"Point","coordinates":[-117.74915,33.58967]},"properties":{"brand":"ALPR","zone":"traffic","osm":351665960}},{"type":"Feature","geometry":{"type":"Point","coordinates":[-118.91126,34.18659]},"properties":{"brand":"TOPD","zone":"street","osm":11880364700}},{"type":"Feature","geometry":{"type":"Point","coordinates":[-93.39039,45.10755]},"properties":{"brand":"Flock Safety","zone":"traffic","osm":5903676347}},{"type":"Feature","geometry":{"type":"Point","coordinates":[-88.95548,42.24699]},"properties":{"brand":"Illinois State Police","zone":"traffic","osm":11251110375}},{"type":"Feature","geometry":{"type":"Point","coordinates":[-88.17371,40.27546]},"properties":{"brand":"ALPR","zone":"","osm":10542792521}},{"type":"Feature","geometry":{"type":"Point","coordinates":[-93.85324,41.57176]},"properties":{"brand":"Flock Safety","zone":"traffic","osm":12205529121}},{"type":"Feature","geometry":{"type":"Point","coordinates":[-67.16176,18.24014]},"properties":{"brand":"Flock Safety","zone":"traffic","osm":13336867601}},{"type":"Feature","geometry":{"type":"Point","coordinates":[-77.83686,40.78519]},"properties":{"brand":"ALPR","zone":"traffic","osm":3415395976}},{"type":"Feature","geometry":{"type":"Point","coordinates":[-77.23036,42.97631]},"properties":{"brand":"ALPR","zone":"traffic","osm":10945232510}},{"type":"Feature","geometry":{"type":"Point","coordinates":[-112.45336,34.54493]},"properties":{"brand":"Flock Safety","zone":"traffic","osm":1986146516}},{"type":"Feature","geometry":{"type":"Point","coordinates":[-121.30568,38.87145]},"properties":{"brand":"Flock Safety","zone":"traffic","osm":12418061128}},{"type":"Feature","geometry":{"type":"Point","coordinates":[-94.20057,46.35819]},"properties":{"brand":"Flock Safety","zone":"traffic","osm":13097198152}},{"type":"Feature","geometry":{"type":"Point","coordinates":[-92.33416,38.93768]},"properties":{"brand":"Flock Safety","zone":"","osm":12446135277}},{"type":"Feature","geometry":{"type":"Point","coordinates":[-118.37008,46.06675]},"properties":{"brand":"Flock Safety","zone":"traffic","osm":12485378154}},{"type":"Feature","geometry":{"type":"Point","coordinates":[-122.19713,47.44139]},"properties":{"brand":"Flock Safety","zone":"traffic","osm":8067871833}},{"type":"Feature","geometry":{"type":"Point","coordinates":[-97.5655,35.54012]},"properties":{"brand":"ALPR","zone":"traffic","osm":11001547579}},{"type":"Feature","geometry":{"type":"Point","coordinates":[-79.21424,37.3335]},"properties":{"brand":"Flock Safety","zone":"traffic","osm":11904148084}},{"type":"Feature","geometry":{"type":"Point","coordinates":[-75.74226,36.09338]},"properties":{"brand":"Flock Safety","zone":"traffic","osm":12825673246}},{"type":"Feature","geometry":{"type":"Point","coordinates":[-82.14122,33.50732]},"properties":{"brand":"Genetec","zone":"traffic","osm":11382096433}},{"type":"Feature","geometry":{"type":"Point","coordinates":[-89.60619,39.80129]},"properties":{"brand":"Flock Safety","zone":"traffic","osm":11048302380}},{"type":"Feature","geometry":{"type":"Point","coordinates":[-92.01601,37.87599]},"properties":{"brand":"Flock Safety","zone":"traffic","osm":12442688752}},{"type":"Feature","geometry":{"type":"Point","coordinates":[-106.70782,34.93906]},"properties":{"brand":"Neology, Inc.","zone":"","osm":12381025564}},{"type":"Feature","geometry":{"type":"Point","coordinates":[-90.40139,38.44378]},"properties":{"brand":"Flock Safety","zone":"traffic","osm":10772369873}},{"type":"Feature","geometry":{"type":"Point","coordinates":[-95.97323,36.75058]},"properties":{"brand":"Flock Safety","zone":"traffic","osm":12366314077}},{"type":"Feature","geometry":{"type":"Point","coordinates":[-110.94622,32.42703]},"properties":{"brand":"Flock Safety","zone":"traffic","osm":12671295110}},{"type":"Feature","geometry":{"type":"Point","coordinates":[-92.88355,42.00467]},"properties":{"brand":"Flock Safety","zone":"traffic","osm":12550793425}},{"type":"Feature","geometry":{"type":"Point","coordinates":[-84.43411,33.73814]},"properties":{"brand":"ALPR","zone":"parking","osm":12182852930}},{"type":"Feature","geometry":{"type":"Point","coordinates":[-81.4385,41.52003]},"properties":{"brand":"ALPR","zone":"traffic","osm":8948981712}},{"type":"Feature","geometry":{"type":"Point","coordinates":[-92.30544,34.7447]},"properties":{"brand":"Flock Safety","zone":"traffic","osm":12637781422}},{"type":"Feature","geometry":{"type":"Point","coordinates":[-112.01592,43.48264]},"properties":{"brand":"Flock Safety","zone":"","osm":13080660208}},{"type":"Feature","geometry":{"type":"Point","coordinates":[-116.63799,43.64837]},"properties":{"brand":"Flock Safety","zone":"","osm":13025422806}},{"type":"Feature","geometry":{"type":"Point","coordinates":[-120.56083,46.62081]},"properties":{"brand":"Flock Safety","zone":"","osm":8356241600}},{"type":"Feature","geometry":{"type":"Point","coordinates":[-86.48819,34.66157]},"properties":{"brand":"Flock Safety","zone":"parking","osm":12187369977}},{"type":"Feature","geometry":{"type":"Point","coordinates":[-114.03902,46.89278]},"properties":{"brand":"Flock Safety","zone":"","osm":13076845786}},{"type":"Feature","geometry":{"type":"Point","coordinates":[-106.08038,36.0075]},"properties":{"brand":"ALPR","zone":"street","osm":12769012626}},{"type":"Feature","geometry":{"type":"Point","coordinates":[-76.19202,36.8777]},"properties":{"brand":"Flock Safety","zone":"traffic","osm":12377643373}},{"type":"Feature","geometry":{"type":"Point","coordinates":[-78.81395,42.89718]},"properties":{"brand":"Genetec","zone":"traffic","osm":10828130060}},{"type":"Feature","geometry":{"type":"Point","coordinates":[-95.96337,36.11831]},"properties":{"brand":"Flock Safety","zone":"traffic","osm":9866792777}},{"type":"Feature","geometry":{"type":"Point","coordinates":[-158.00913,21.40006]},"properties":{"brand":"Flock Safety","zone":"","osm":13204959361}},{"type":"Feature","geometry":{"type":"Point","coordinates":[-96.90436,46.85289]},"properties":{"brand":"Flock Safety","zone":"traffic","osm":10656314594}},{"type":"Feature","geometry":{"type":"Point","coordinates":[-123.88156,46.97601]},"properties":{"brand":"Flock Safety","zone":"","osm":12869413934}},{"type":"Feature","geometry":{"type":"Point","coordinates":[-77.54547,34.42746]},"properties":{"brand":"Flock Safety","zone":"traffic","osm":12368223346}},{"type":"Feature","geometry":{"type":"Point","coordinates":[-80.24863,26.24332]},"properties":{"brand":"Flock Safety","zone":"traffic","osm":12338385467}},{"type":"Feature","geometry":{"type":"Point","coordinates":[-82.21204,36.5597]},"properties":{"brand":"Flock Safety","zone":"traffic","osm":12377387185}},{"type":"Feature","geometry":{"type":"Point","coordinates":[-100.96037,35.57617]},"properties":{"brand":"Flock Safety","zone":"","osm":13151603598}},{"type":"Feature","geometry":{"type":"Point","coordinates":[-92.65209,32.52387]},"properties":{"brand":"ALPR","zone":"traffic","osm":12123314956}},{"type":"Feature","geometry":{"type":"Point","coordinates":[-85.55577,30.24957]},"properties":{"brand":"Flock Safety","zone":"street","osm":11153438755}},{"type":"Feature","geometry":{"type":"Point","coordinates":[-96.78855,44.32522]},"properties":{"brand":"Flock Safety","zone":"traffic","osm":12624992464}},{"type":"Feature","geometry":{"type":"Point","coordinates":[-75.52075,44.2523]},"properties":{"brand":"Flock Safety","zone":"traffic","osm":13602561901}},{"type":"Feature","geometry":{"type":"Point","coordinates":[-104.22193,32.41798]},"properties":{"brand":"ALPR","zone":"traffic","osm":12766662715}},{"type":"Feature","geometry":{"type":"Point","coordinates":[-117.43559,47.66573]},"properties":{"brand":"Neology, Inc.","zone":"traffic","osm":12385126881}},{"type":"Feature","geometry":{"type":"Point","coordinates":[-122.85252,42.31598]},"properties":{"brand":"Flock Safety","zone":"traffic","osm":12336525853}},{"type":"Feature","geometry":{"type":"Point","coordinates":[-97.36935,27.70887]},"properties":{"brand":"ALPR","zone":"traffic","osm":12184895902}},{"type":"Feature","geometry":{"type":"Point","coordinates":[-89.9487,35.12888]},"properties":{"brand":"ALPR","zone":"parking","osm":12332576269}},{"type":"Feature","geometry":{"type":"Point","coordinates":[-112.36984,40.56784]},"properties":{"brand":"Flock Safety","zone":"traffic","osm":12402630953}},{"type":"Feature","geometry":{"type":"Point","coordinates":[-104.64667,38.2181]},"properties":{"brand":"Flock Safety","zone":"traffic","osm":12341624193}},{"type":"Feature","geometry":{"type":"Point","coordinates":[-110.76971,43.47865]},"properties":{"brand":"Flock Safety","zone":"traffic","osm":12341967119}},{"type":"Feature","geometry":{"type":"Point","coordinates":[-119.18105,46.21562]},"properties":{"brand":"Flock Safety","zone":"traffic","osm":12342298802}},{"type":"Feature","geometry":{"type":"Point","coordinates":[-92.09135,30.29803]},"properties":{"brand":"Flock Safety","zone":"traffic","osm":12382270296}},{"type":"Feature","geometry":{"type":"Point","coordinates":[-113.07609,37.69462]},"properties":{"brand":"Flock Safety","zone":"traffic","osm":12999874464}},{"type":"Feature","geometry":{"type":"Point","coordinates":[-90.07976,32.51429]},"properties":{"brand":"ALPR","zone":"traffic","osm":12368864739}},{"type":"Feature","geometry":{"type":"Point","coordinates":[-79.31656,33.32663]},"properties":{"brand":"Flock Safety","zone":"traffic","osm":12469847712}},{"type":"Feature","geometry":{"type":"Point","coordinates":[-100.76321,41.11513]},"properties":{"brand":"Flock Safety","zone":"","osm":13097622468}},{"type":"Feature","geometry":{"type":"Point","coordinates":[-110.69387,38.41319]},"properties":{"brand":"Flock Safety","zone":"traffic","osm":13507422101}},{"type":"Feature","geometry":{"type":"Point","coordinates":[-88.47236,43.76006]},"properties":{"brand":"Flock Safety","zone":"traffic","osm":12397281213}},{"type":"Feature","geometry":{"type":"Point","coordinates":[-106.43748,31.89915]},"properties":{"brand":"Flock Safety","zone":"","osm":13076895304}},{"type":"Feature","geometry":{"type":"Point","coordinates":[-85.67009,44.72645]},"properties":{"brand":"Flock Safety","zone":"traffic","osm":12481102313}},{"type":"Feature","geometry":{"type":"Point","coordinates":[-95.02234,45.11917]},"properties":{"brand":"Flock Safety","zone":"","osm":13116870108}},{"type":"Feature","geometry":{"type":"Point","coordinates":[-92.95307,47.40101]},"properties":{"brand":"Flock Safety","zone":"traffic","osm":13318143201}},{"type":"Feature","geometry":{"type":"Point","coordinates":[-81.69695,26.18416]},"properties":{"brand":"Flock Safety","zone":"traffic","osm":12800448924}},{"type":"Feature","geometry":{"type":"Point","coordinates":[-111.214,34.26265]},"properties":{"brand":"Flock Safety","zone":"","osm":13121673246}},{"type":"Feature","geometry":{"type":"Point","coordinates":[-115.19032,36.03928]},"properties":{"brand":"Flock Safety","zone":"","osm":13060710541}},{"type":"Feature","geometry":{"type":"Point","coordinates":[-114.0042,40.74693]},"properties":{"brand":"Genetec","zone":"traffic","osm":13930028602}},{"type":"Feature","geometry":{"type":"Point","coordinates":[-91.00852,46.89121]},"properties":{"brand":"Flock Safety","zone":"traffic","osm":13316812301}},{"type":"Feature","geometry":{"type":"Point","coordinates":[-98.88945,29.71265]},"properties":{"brand":"Flock Safety","zone":"traffic","osm":13354498601}},{"type":"Feature","geometry":{"type":"Point","coordinates":[-118.06537,36.61122]},"properties":{"brand":"Motorola Solutions","zone":"","osm":13472344004}},{"type":"Feature","geometry":{"type":"Point","coordinates":[-100.44144,28.62774]},"properties":{"brand":"ALPR","zone":"","osm":13184955038}},{"type":"Feature","geometry":{"type":"Point","coordinates":[-124.10061,40.92582]},"properties":{"brand":"Flock Safety","zone":"traffic","osm":12908236293}},{"type":"Feature","geometry":{"type":"Point","coordinates":[-122.47861,48.78497]},"properties":{"brand":"Flock Safety","zone":"","osm":12980736229}},{"type":"Feature","geometry":{"type":"Point","coordinates":[-103.5344,46.91577]},"properties":{"brand":"Flock Safety","zone":"traffic","osm":13927029301}},{"type":"Feature","geometry":{"type":"Point","coordinates":[-104.04941,30.25179]},"properties":{"brand":"Customs and Border Protection","zone":"traffic","osm":13502852467}},{"type":"Feature","geometry":{"type":"Point","coordinates":[-87.38289,46.51341]},"properties":{"brand":"Flock Safety","zone":"traffic","osm":14038456101}},{"type":"Feature","geometry":{"type":"Point","coordinates":[-103.47005,43.42056]},"properties":{"brand":"Motorola Solutions","zone":"","osm":13122143232}},{"type":"Feature","geometry":{"type":"Point","coordinates":[-98.98031,38.26497]},"properties":{"brand":"Flock Safety","zone":"traffic","osm":13063911627}},{"type":"Feature","geometry":{"type":"Point","coordinates":[-99.69412,32.47586]},"properties":{"brand":"Flock Safety","zone":"","osm":13171652659}},{"type":"Feature","geometry":{"type":"Point","coordinates":[-100.7821,46.79692]},"properties":{"brand":"Flock Safety","zone":"parking","osm":13309221039}},{"type":"Feature","geometry":{"type":"Point","coordinates":[-115.24368,36.25074]},"properties":{"brand":"Motorola Solutions","zone":"","osm":13172127242}},{"type":"Feature","geometry":{"type":"Point","coordinates":[-108.58142,45.7535]},"properties":{"brand":"Flock Safety","zone":"traffic","osm":13586084533}},{"type":"Feature","geometry":{"type":"Point","coordinates":[-109.08087,44.51723]},"properties":{"brand":"Motorola Solutions","zone":"traffic","osm":13816428795}},{"type":"Feature","geometry":{"type":"Point","coordinates":[-114.44114,42.54865]},"properties":{"brand":"Flock Safety","zone":"","osm":13092786687}},{"type":"Feature","geometry":{"type":"Point","coordinates":[-98.75598,41.48845]},"properties":{"brand":"Flock Safety","zone":"","osm":13535544410}},{"type":"Feature","geometry":{"type":"Point","coordinates":[-105.89111,42.83852]},"properties":{"brand":"Flock Safety","zone":"traffic","osm":14071674502}},{"type":"Feature","geometry":{"type":"Point","coordinates":[-103.19157,44.0998]},"properties":{"brand":"Flock Safety","zone":"traffic","osm":13438688901}},{"type":"Feature","geometry":{"type":"Point","coordinates":[-101.38569,40.8448]},"properties":{"brand":"Flock Safety","zone":"","osm":13395704406}},{"type":"Feature","geometry":{"type":"Point","coordinates":[-103.57914,30.19981]},"properties":{"brand":"Drug Enforcement Administration","zone":"traffic","osm":13502852470}},{"type":"Feature","geometry":{"type":"Point","coordinates":[-65.97615,18.25383]},"properties":{"brand":"Motorola Solutions","zone":"traffic","osm":13205425901}},{"type":"Feature","geometry":{"type":"Point","coordinates":[-70.21906,44.09798]},"properties":{"brand":"Flock Safety","zone":"","osm":13250476819}},{"type":"Feature","geometry":{"type":"Point","coordinates":[-124.09861,43.97458]},"properties":{"brand":"Flock Safety","zone":"traffic","osm":13646993102}},{"type":"Feature","geometry":{"type":"Point","coordinates":[-109.33755,40.36965]},"properties":{"brand":"Flock Safety","zone":"traffic","osm":13473959301}},{"type":"Feature","geometry":{"type":"Point","coordinates":[-111.33959,47.48081]},"properties":{"brand":"Flock Safety","zone":"traffic","osm":13819915501}},{"type":"Feature","geometry":{"type":"Point","coordinates":[-101.36329,37.57659]},"properties":{"brand":"Flock Safety","zone":"traffic","osm":13310336401}},{"type":"Feature","geometry":{"type":"Point","coordinates":[-124.20031,41.7728]},"properties":{"brand":"Flock Safety","zone":"traffic","osm":13324972301}},{"type":"Feature","geometry":{"type":"Point","coordinates":[-73.49466,44.69629]},"properties":{"brand":"Flock Safety","zone":"traffic","osm":13456403101}},{"type":"Feature","geometry":{"type":"Point","coordinates":[-156.43925,20.6871]},"properties":{"brand":"Motorola Solutions","zone":"","osm":13329658796}},{"type":"Feature","geometry":{"type":"Point","coordinates":[-155.98497,19.64187]},"properties":{"brand":"Flock Safety","zone":"traffic","osm":14040735701}},{"type":"Feature","geometry":{"type":"Point","coordinates":[-111.68199,43.96049]},"properties":{"brand":"Flock Safety","zone":"traffic","osm":14025284101}},{"type":"Feature","geometry":{"type":"Point","coordinates":[-68.71404,44.76828]},"properties":{"brand":"Leonardo","zone":"traffic","osm":13962883307}},{"type":"Feature","geometry":{"type":"Point","coordinates":[-84.45054,46.25929]},"properties":{"brand":"Flock Safety","zone":"traffic","osm":14088566301}},{"type":"Feature","geometry":{"type":"Point","coordinates":[-134.40895,58.30031]},"properties":{"brand":"Genetec","zone":"traffic","osm":14158863487}},{"type":"Feature","geometry":{"type":"Point","coordinates":[-79.30461,43.83432]},"properties":{"brand":"ALPR","zone":"traffic","osm":7905685909}},{"type":"Feature","geometry":{"type":"Point","coordinates":[-80.94434,46.52205]},"properties":{"brand":"Dahua Technology","zone":"traffic","osm":13585827189}},{"type":"Feature","geometry":{"type":"Point","coordinates":[-76.9541,44.25074]},"properties":{"brand":"Flock Safety","zone":"traffic","osm":13427172901}},{"type":"Feature","geometry":{"type":"Point","coordinates":[-83.51027,35.72451]},"properties":{"brand":"Flock Safety","zone":"traffic","osm":12193573313}},{"type":"Feature","geometry":{"type":"Point","coordinates":[-82.45235,27.28405]},"properties":{"brand":"ALPR","zone":"traffic","osm":5266825995}},{"type":"Feature","geometry":{"type":"Point","coordinates":[-101.91994,35.14882]},"properties":{"brand":"Flock Safety","zone":"traffic","osm":12436973106}},{"type":"Feature","geometry":{"type":"Point","coordinates":[-122.22662,38.06912]},"properties":{"brand":"Bay Area Toll Authority","zone":"traffic","osm":62487705}},{"type":"Feature","geometry":{"type":"Point","coordinates":[-123.09265,44.04561]},"properties":{"brand":"Flock Safety","zone":"","osm":11445986645}},{"type":"Feature","geometry":{"type":"Point","coordinates":[-73.89965,41.29274]},"properties":{"brand":"Rekor","zone":"traffic","osm":792209044}},{"type":"Feature","geometry":{"type":"Point","coordinates":[-112.11013,33.71187]},"properties":{"brand":"Flock Safety","zone":"","osm":1990599027}},{"type":"Feature","geometry":{"type":"Point","coordinates":[-73.77969,41.15181]},"properties":{"brand":"Rekor","zone":"","osm":254550477}},{"type":"Feature","geometry":{"type":"Point","coordinates":[-104.74177,39.49978]},"properties":{"brand":"Flock Safety","zone":"","osm":4533912487}},{"type":"Feature","geometry":{"type":"Point","coordinates":[-86.99981,30.39965]},"properties":{"brand":"Motorola Solutions","zone":"traffic","osm":12352417649}},{"type":"Feature","geometry":{"type":"Point","coordinates":[-86.4379,36.94986]},"properties":{"brand":"Flock Safety","zone":"traffic","osm":8994805788}},{"type":"Feature","geometry":{"type":"Point","coordinates":[-86.79227,33.50557]},"properties":{"brand":"Flock Safety","zone":"traffic","osm":12342543424}},{"type":"Feature","geometry":{"type":"Point","coordinates":[-121.20505,39.20491]},"properties":{"brand":"Flock Safety","zone":"traffic","osm":12417498369}},{"type":"Feature","geometry":{"type":"Point","coordinates":[-72.97033,42.22587]},"properties":{"brand":"ALPR","zone":"","osm":73567124}},{"type":"Feature","geometry":{"type":"Point","coordinates":[-70.94586,42.19915]},"properties":{"brand":"Flock Safety","zone":"","osm":765917521}},{"type":"Feature","geometry":{"type":"Point","coordinates":[-84.01042,36.01638]},"properties":{"brand":"Flock Safety","zone":"","osm":421764939}},{"type":"Feature","geometry":{"type":"Point","coordinates":[-96.94502,32.59916]},"properties":{"brand":"Flock Safety","zone":"traffic","osm":342036425}},{"type":"Feature","geometry":{"type":"Point","coordinates":[-119.31446,36.32577]},"properties":{"brand":"Flock Safety","zone":"traffic","osm":12350493603}},{"type":"Feature","geometry":{"type":"Point","coordinates":[-81.49137,29.96348]},"properties":{"brand":"Flock Safety","zone":"traffic","osm":2526093935}},{"type":"Feature","geometry":{"type":"Point","coordinates":[-80.61645,26.98467]},"properties":{"brand":"ALPR","zone":"street","osm":1734858961}},{"type":"Feature","geometry":{"type":"Point","coordinates":[-80.95196,29.12116]},"properties":{"brand":"Motorola Solutions","zone":"traffic","osm":12362419775}},{"type":"Feature","geometry":{"type":"Point","coordinates":[-84.64304,38.86724]},"properties":{"brand":"ALPR","zone":"traffic","osm":7105924326}},{"type":"Feature","geometry":{"type":"Point","coordinates":[-96.62887,39.24773]},"properties":{"brand":"Flock Safety","zone":"traffic","osm":12669442125}},{"type":"Feature","geometry":{"type":"Point","coordinates":[-117.71598,33.82437]},"properties":{"brand":"ALPR","zone":"traffic","osm":588178384}},{"type":"Feature","geometry":{"type":"Point","coordinates":[-97.38064,37.6958]},"properties":{"brand":"Flock Safety","zone":"traffic","osm":7118081587}},{"type":"Feature","geometry":{"type":"Point","coordinates":[-90.37431,29.93729]},"properties":{"brand":"ALPR","zone":"traffic","osm":123666100}},{"type":"Feature","geometry":{"type":"Point","coordinates":[-96.75131,43.51379]},"properties":{"brand":"Flock Safety","zone":"parking","osm":12408128436}},{"type":"Feature","geometry":{"type":"Point","coordinates":[-97.87691,30.58432]},"properties":{"brand":"Flock Safety","zone":"","osm":7861764199}},{"type":"Feature","geometry":{"type":"Point","coordinates":[-97.53885,25.96295]},"properties":{"brand":"Flock Safety","zone":"traffic","osm":13323257202}},{"type":"Feature","geometry":{"type":"Point","coordinates":[-95.53155,29.73771]},"properties":{"brand":"Flock Safety","zone":"traffic","osm":9210970829}},{"type":"Feature","geometry":{"type":"Point","coordinates":[-84.4859,38.0062]},"properties":{"brand":"Flock Safety","zone":"street","osm":10848073236}},{"type":"Feature","geometry":{"type":"Point","coordinates":[-79.01615,35.9464]},"properties":{"brand":"Flock Safety","zone":"traffic","osm":2400473179}},{"type":"Feature","geometry":{"type":"Point","coordinates":[-114.74171,32.74726]},"properties":{"brand":"Flock Safety","zone":"area","osm":12947688420}},{"type":"Feature","geometry":{"type":"Point","coordinates":[-107.32745,39.55056]},"properties":{"brand":"Flock Safety","zone":"traffic","osm":12755592549}},{"type":"Feature","geometry":{"type":"Point","coordinates":[-107.8605,37.2981]},"properties":{"brand":"Flock Safety","zone":"traffic","osm":12755562714}},{"type":"Feature","geometry":{"type":"Point","coordinates":[-85.96388,41.6899]},"properties":{"brand":"ALPR","zone":"","osm":7130001979}},{"type":"Feature","geometry":{"type":"Point","coordinates":[-95.89518,41.13635]},"properties":{"brand":"Flock Safety","zone":"","osm":4421698215}},{"type":"Feature","geometry":{"type":"Point","coordinates":[-79.68388,40.31735]},"properties":{"brand":"ALPR","zone":"traffic","osm":1512597379}},{"type":"Feature","geometry":{"type":"Point","coordinates":[-83.06702,40.05164]},"properties":{"brand":"Flock Safety","zone":"traffic","osm":6340603903}},{"type":"Feature","geometry":{"type":"Point","coordinates":[-76.63451,36.96836]},"properties":{"brand":"Flock Safety","zone":"traffic","osm":9451456654}},{"type":"Feature","geometry":{"type":"Point","coordinates":[-101.90692,33.53288]},"properties":{"brand":"Flock Safety","zone":"traffic","osm":12587826431}},{"type":"Feature","geometry":{"type":"Point","coordinates":[-93.76332,32.55635]},"properties":{"brand":"Motorola Solutions","zone":"traffic","osm":12413042184}},{"type":"Feature","geometry":{"type":"Point","coordinates":[-89.58237,44.5008]},"properties":{"brand":"Flock Safety","zone":"traffic","osm":12372706353}},{"type":"Feature","geometry":{"type":"Point","coordinates":[-87.62538,41.75086]},"properties":{"brand":"Motorola Solutions","zone":"","osm":2986637275}},{"type":"Feature","geometry":{"type":"Point","coordinates":[-73.48345,40.83708]},"properties":{"brand":"Flock Safety","zone":"traffic","osm":12335822017}},{"type":"Feature","geometry":{"type":"Point","coordinates":[-117.74792,33.59045]},"properties":{"brand":"ALPR","zone":"traffic","osm":351912548}},{"type":"Feature","geometry":{"type":"Point","coordinates":[-118.91107,34.18768]},"properties":{"brand":"TOPD","zone":"street","osm":11880364701}},{"type":"Feature","geometry":{"type":"Point","coordinates":[-93.24757,44.09528]},"properties":{"brand":"Flock Safety","zone":"traffic","osm":8577448251}},{"type":"Feature","geometry":{"type":"Point","coordinates":[-88.95548,42.24703]},"properties":{"brand":"Illinois State Police","zone":"traffic","osm":11251110376}},{"type":"Feature","geometry":{"type":"Point","coordinates":[-88.1733,40.2755]},"properties":{"brand":"ALPR","zone":"","osm":10542792522}},{"type":"Feature","geometry":{"type":"Point","coordinates":[-93.81017,41.56848]},"properties":{"brand":"ALPR","zone":"traffic","osm":12414059574}},{"type":"Feature","geometry":{"type":"Point","coordinates":[-66.79423,18.42685]},"properties":{"brand":"Genetec","zone":"traffic","osm":13885676701}},{"type":"Feature","geometry":{"type":"Point","coordinates":[-77.71759,39.66912]},"properties":{"brand":"ALPR","zone":"","osm":4795640515}},{"type":"Feature","geometry":{"type":"Point","coordinates":[-77.23036,42.97634]},"properties":{"brand":"ALPR","zone":"traffic","osm":10945232511}},{"type":"Feature","geometry":{"type":"Point","coordinates":[-112.13362,33.80266]},"properties":{"brand":"Flock Safety","zone":"","osm":7222284789}},{"type":"Feature","geometry":{"type":"Point","coordinates":[-121.29562,38.87949]},"properties":{"brand":"Flock Safety","zone":"traffic","osm":12418061129}},{"type":"Feature","geometry":{"type":"Point","coordinates":[-93.95405,46.71811]},"properties":{"brand":"Flock Safety","zone":"","osm":13318423603}},{"type":"Feature","geometry":{"type":"Point","coordinates":[-92.33449,38.9377]},"properties":{"brand":"Flock Safety","zone":"","osm":12446135278}},{"type":"Feature","geometry":{"type":"Point","coordinates":[-118.37095,46.05274]},"properties":{"brand":"Flock Safety","zone":"traffic","osm":12485378155}},{"type":"Feature","geometry":{"type":"Point","coordinates":[-122.36666,47.731]},"properties":{"brand":"Flock Safety","zone":"","osm":9244023001}},{"type":"Feature","geometry":{"type":"Point","coordinates":[-97.60554,35.5111]},"properties":{"brand":"ALPR","zone":"traffic","osm":11001547580}},{"type":"Feature","geometry":{"type":"Point","coordinates":[-79.23308,37.3435]},"properties":{"brand":"ALPR","zone":"parking","osm":11905140580}},{"type":"Feature","geometry":{"type":"Point","coordinates":[-75.6454,35.99431]},"properties":{"brand":"Flock Safety","zone":"traffic","osm":12825680460}},{"type":"Feature","geometry":{"type":"Point","coordinates":[-82.14159,33.5077]},"properties":{"brand":"Genetec","zone":"traffic","osm":11382096434}},{"type":"Feature","geometry":{"type":"Point","coordinates":[-89.60551,39.81024]},"properties":{"brand":"Flock Safety","zone":"traffic","osm":11048302381}},{"type":"Feature","geometry":{"type":"Point","coordinates":[-91.77521,38.05205]},"properties":{"brand":"Flock Safety","zone":"traffic","osm":12626831169}},{"type":"Feature","geometry":{"type":"Point","coordinates":[-106.5598,35.12276]},"properties":{"brand":"Genetec","zone":"traffic","osm":12708001375}},{"type":"Feature","geometry":{"type":"Point","coordinates":[-90.35239,38.65324]},"properties":{"brand":"Flock Safety","zone":"traffic","osm":12302018016}},{"type":"Feature","geometry":{"type":"Point","coordinates":[-94.70384,37.6817]},"properties":{"brand":"Flock Safety","zone":"traffic","osm":12366592469}},{"type":"Feature","geometry":{"type":"Point","coordinates":[-111.11958,33.28526]},"properties":{"brand":"Flock Safety","zone":"traffic","osm":12682456374}},{"type":"Feature","geometry":{"type":"Point","coordinates":[-92.88393,42.00496]},"properties":{"brand":"Flock Safety","zone":"traffic","osm":12550793426}},{"type":"Feature","geometry":{"type":"Point","coordinates":[-84.41007,33.74695]},"properties":{"brand":"Motorola Solutions","zone":"traffic","osm":12334797718}},{"type":"Feature","geometry":{"type":"Point","coordinates":[-81.62755,41.5026]},"properties":{"brand":"Flock Safety","zone":"traffic","osm":9194896030}},{"type":"Feature","geometry":{"type":"Point","coordinates":[-92.27794,34.75008]},"properties":{"brand":"Flock Safety","zone":"traffic","osm":12637781423}},{"type":"Feature","geometry":{"type":"Point","coordinates":[-111.98952,41.25956]},"properties":{"brand":"Flock Safety","zone":"","osm":13201856339}},{"type":"Feature","geometry":{"type":"Point","coordinates":[-116.35133,43.63405]},"properties":{"brand":"Flock Safety","zone":"","osm":13080713828}},{"type":"Feature","geometry":{"type":"Point","coordinates":[-120.56118,46.621]},"properties":{"brand":"Flock Safety","zone":"","osm":8356241601}},{"type":"Feature","geometry":{"type":"Point","coordinates":[-86.9508,34.63166]},"properties":{"brand":"Flock Safety","zone":"traffic","osm":12187369978}},{"type":"Feature","geometry":{"type":"Point","coordinates":[-114.03821,46.89382]},"properties":{"brand":"Flock Safety","zone":"","osm":13076845787}},{"type":"Feature","geometry":{"type":"Point","coordinates":[-106.04442,35.97675]},"properties":{"brand":"Flock Safety","zone":"","osm":12945324193}},{"type":"Feature","geometry":{"type":"Point","coordinates":[-75.37124,37.93747]},"properties":{"brand":"Flock Safety","zone":"traffic","osm":12383476286}},{"type":"Feature","geometry":{"type":"Point","coordinates":[-78.81391,42.89718]},"properties":{"brand":"Genetec","zone":"traffic","osm":10828130061}},{"type":"Feature","geometry":{"type":"Point","coordinates":[-95.96693,36.1186]},"properties":{"brand":"Flock Safety","zone":"traffic","osm":9866792778}},{"type":"Feature","geometry":{"type":"Point","coordinates":[-158.02186,21.30701]},"properties":{"brand":"Genetec","zone":"","osm":13253265281}},{"type":"Feature","geometry":{"type":"Point","coordinates":[-96.88298,46.87603]},"properties":{"brand":"Flock Safety","zone":"traffic","osm":10656338507}},{"type":"Feature","geometry":{"type":"Point","coordinates":[-123.84072,46.96666]},"properties":{"brand":"Flock Safety","zone":"","osm":12869420009}},{"type":"Feature","geometry":{"type":"Point","coordinates":[-77.54638,34.426]},"properties":{"brand":"Flock Safety","zone":"traffic","osm":12368227201}},{"type":"Feature","geometry":{"type":"Point","coordinates":[-80.25153,26.24395]},"properties":{"brand":"Flock Safety","zone":"traffic","osm":12338385468}},{"type":"Feature","geometry":{"type":"Point","coordinates":[-82.5994,36.55632]},"properties":{"brand":"Flock Safety","zone":"traffic","osm":12383378732}},{"type":"Feature","geometry":{"type":"Point","coordinates":[-100.9896,35.5204]},"properties":{"brand":"Flock Safety","zone":"","osm":13151612127}},{"type":"Feature","geometry":{"type":"Point","coordinates":[-92.64793,32.52409]},"properties":{"brand":"ALPR","zone":"traffic","osm":12123468073}},{"type":"Feature","geometry":{"type":"Point","coordinates":[-85.57972,30.23369]},"properties":{"brand":"Flock Safety","zone":"street","osm":11153441233}},{"type":"Feature","geometry":{"type":"Point","coordinates":[-96.7623,44.31344]},"properties":{"brand":"Flock Safety","zone":"traffic","osm":12625014571}},{"type":"Feature","geometry":{"type":"Point","coordinates":[-75.45825,44.70573]},"properties":{"brand":"Flock Safety","zone":"traffic","osm":13606818701}},{"type":"Feature","geometry":{"type":"Point","coordinates":[-104.28524,32.42897]},"properties":{"brand":"ALPR","zone":"traffic","osm":12766662716}},{"type":"Feature","geometry":{"type":"Point","coordinates":[-117.43575,47.66298]},"properties":{"brand":"Neology, Inc.","zone":"traffic","osm":12385126882}},{"type":"Feature","geometry":{"type":"Point","coordinates":[-122.86868,42.32803]},"properties":{"brand":"Flock Safety","zone":"traffic","osm":12336547260}},{"type":"Feature","geometry":{"type":"Point","coordinates":[-97.23525,27.63269]},"properties":{"brand":"ALPR","zone":"traffic","osm":12849003674}},{"type":"Feature","geometry":{"type":"Point","coordinates":[-89.93047,35.12484]},"properties":{"brand":"ALPR","zone":"traffic","osm":12337221471}},{"type":"Feature","geometry":{"type":"Point","coordinates":[-112.35368,40.56074]},"properties":{"brand":"Flock Safety","zone":"traffic","osm":12402630954}},{"type":"Feature","geometry":{"type":"Point","coordinates":[-104.64525,38.22037]},"properties":{"brand":"Flock Safety","zone":"traffic","osm":12341624194}},{"type":"Feature","geometry":{"type":"Point","coordinates":[-110.76226,43.48856]},"properties":{"brand":"Flock Safety","zone":"traffic","osm":12636162899}},{"type":"Feature","geometry":{"type":"Point","coordinates":[-119.13331,46.21675]},"properties":{"brand":"Flock Safety","zone":"traffic","osm":12342298803}},{"type":"Feature","geometry":{"type":"Point","coordinates":[-92.03538,30.24957]},"properties":{"brand":"Flock Safety","zone":"traffic","osm":12396759277}},{"type":"Feature","geometry":{"type":"Point","coordinates":[-113.04899,37.73243]},"properties":{"brand":"Flock Safety","zone":"traffic","osm":12999874465}},{"type":"Feature","geometry":{"type":"Point","coordinates":[-90.73665,32.2376]},"properties":{"brand":"ALPR","zone":"traffic","osm":12626631583}},{"type":"Feature","geometry":{"type":"Point","coordinates":[-79.50968,33.07685]},"properties":{"brand":"Flock Safety","zone":"traffic","osm":12469847713}},{"type":"Feature","geometry":{"type":"Point","coordinates":[-100.7641,41.10856]},"properties":{"brand":"Flock Safety","zone":"","osm":13097622758}},{"type":"Feature","geometry":{"type":"Point","coordinates":[-110.69387,38.41319]},"properties":{"brand":"Flock Safety","zone":"traffic","osm":13507425501}},{"type":"Feature","geometry":{"type":"Point","coordinates":[-88.47264,43.76021]},"properties":{"brand":"Flock Safety","zone":"traffic","osm":12397281214}},{"type":"Feature","geometry":{"type":"Point","coordinates":[-106.44043,31.89961]},"properties":{"brand":"Flock Safety","zone":"","osm":13076895305}},{"type":"Feature","geometry":{"type":"Point","coordinates":[-85.65603,44.68697]},"properties":{"brand":"Flock Safety","zone":"traffic","osm":12484510943}},{"type":"Feature","geometry":{"type":"Point","coordinates":[-95.02078,45.14251]},"properties":{"brand":"Flock Safety","zone":"","osm":13116870109}},{"type":"Feature","geometry":{"type":"Point","coordinates":[-93.65578,47.74175]},"properties":{"brand":"Flock Safety","zone":"","osm":13318423605}},{"type":"Feature","geometry":{"type":"Point","coordinates":[-81.70677,26.17998]},"properties":{"brand":"Flock Safety","zone":"traffic","osm":12800448925}},{"type":"Feature","geometry":{"type":"Point","coordinates":[-110.06597,34.3949]},"properties":{"brand":"Flock Safety","zone":"traffic","osm":13356684101}},{"type":"Feature","geometry":{"type":"Point","coordinates":[-115.18987,36.0404]},"properties":{"brand":"Flock Safety","zone":"","osm":13060710547}},{"type":"Feature","geometry":{"type":"Point","coordinates":[-114.77546,39.41196]},"properties":{"brand":"Flock Safety","zone":"traffic","osm":14018234001}},{"type":"Feature","geometry":{"type":"Point","coordinates":[-90.88235,46.87319]},"properties":{"brand":"Flock Safety","zone":"traffic","osm":13316816301}},{"type":"Feature","geometry":{"type":"Point","coordinates":[-98.8894,29.71202]},"properties":{"brand":"Flock Safety","zone":"traffic","osm":13354498901}},{"type":"Feature","geometry":{"type":"Point","coordinates":[-118.06537,36.61121]},"properties":{"brand":"Motorola Solutions","zone":"","osm":13472344005}},{"type":"Feature","geometry":{"type":"Point","coordinates":[-100.44195,28.61405]},"properties":{"brand":"ALPR","zone":"","osm":13184993508}},{"type":"Feature","geometry":{"type":"Point","coordinates":[-123.91983,40.36099]},"properties":{"brand":"Flock Safety","zone":"","osm":13153136167}},{"type":"Feature","geometry":{"type":"Point","coordinates":[-122.48136,48.78478]},"properties":{"brand":"Flock Safety","zone":"traffic","osm":12984510499}},{"type":"Feature","geometry":{"type":"Point","coordinates":[-103.51894,46.91114]},"properties":{"brand":"Flock Safety","zone":"traffic","osm":13944132268}},{"type":"Feature","geometry":{"type":"Point","coordinates":[-104.04872,30.25377]},"properties":{"brand":"Drug Enforcement Administration","zone":"traffic","osm":13502852468}},{"type":"Feature","geometry":{"type":"Point","coordinates":[-103.67705,41.56985]},"properties":{"brand":"Flock Safety","zone":"","osm":13122143235}},{"type":"Feature","geometry":{"type":"Point","coordinates":[-99.31014,38.18948]},"properties":{"brand":"Flock Safety","zone":"traffic","osm":13063912718}},{"type":"Feature","geometry":{"type":"Point","coordinates":[-99.69413,32.47489]},"properties":{"brand":"Flock Safety","zone":"","osm":13171652660}},{"type":"Feature","geometry":{"type":"Point","coordinates":[-100.78732,46.79685]},"properties":{"brand":"Flock Safety","zone":"traffic","osm":13433628601}},{"type":"Feature","geometry":{"type":"Point","coordinates":[-115.26684,36.27024]},"properties":{"brand":"Flock Safety","zone":"","osm":13208533184}},{"type":"Feature","geometry":{"type":"Point","coordinates":[-108.58157,45.75433]},"properties":{"brand":"Flock Safety","zone":"traffic","osm":13586096468}},{"type":"Feature","geometry":{"type":"Point","coordinates":[-114.46158,42.55089]},"properties":{"brand":"Flock Safety","zone":"traffic","osm":13092786688}},{"type":"Feature","geometry":{"type":"Point","coordinates":[-99.75991,42.71261]},"properties":{"brand":"Flock Safety","zone":"traffic","osm":13564037201}},{"type":"Feature","geometry":{"type":"Point","coordinates":[-104.45151,42.74923]},"properties":{"brand":"Flock Safety","zone":"traffic","osm":14090671603}},{"type":"Feature","geometry":{"type":"Point","coordinates":[-103.19143,44.10012]},"properties":{"brand":"Flock Safety","zone":"traffic","osm":13438756601}},{"type":"Feature","geometry":{"type":"Point","coordinates":[-101.54203,40.85024]},"properties":{"brand":"Flock Safety","zone":"","osm":13395704407}},{"type":"Feature","geometry":{"type":"Point","coordinates":[-103.23878,30.13749]},"properties":{"brand":"Customs and Border Protection","zone":"traffic","osm":13502852471}},{"type":"Feature","geometry":{"type":"Point","coordinates":[-65.97615,18.25383]},"properties":{"brand":"Motorola Solutions","zone":"traffic","osm":13205425902}},{"type":"Feature","geometry":{"type":"Point","coordinates":[-70.21252,44.09981]},"properties":{"brand":"Flock Safety","zone":"","osm":13250489904}},{"type":"Feature","geometry":{"type":"Point","coordinates":[-123.84052,45.48196]},"properties":{"brand":"Flock Safety","zone":"traffic","osm":14029051920}},{"type":"Feature","geometry":{"type":"Point","coordinates":[-110.65044,39.54883]},"properties":{"brand":"Flock Safety","zone":"traffic","osm":13739136670}},{"type":"Feature","geometry":{"type":"Point","coordinates":[-111.34238,47.482]},"properties":{"brand":"Flock Safety","zone":"traffic","osm":13819916001}},{"type":"Feature","geometry":{"type":"Point","coordinates":[-101.36346,37.57659]},"properties":{"brand":"Flock Safety","zone":"traffic","osm":13310336402}},{"type":"Feature","geometry":{"type":"Point","coordinates":[-124.20031,41.7728]},"properties":{"brand":"Flock Safety","zone":"traffic","osm":13324972601}},{"type":"Feature","geometry":{"type":"Point","coordinates":[-73.21312,44.44036]},"properties":{"brand":"Flock Safety","zone":"","osm":13465144387}},{"type":"Feature","geometry":{"type":"Point","coordinates":[-156.50767,20.81054]},"properties":{"brand":"Motorola Solutions","zone":"","osm":13329666184}},{"type":"Feature","geometry":{"type":"Point","coordinates":[-154.95332,19.50461]},"properties":{"brand":"Flock Safety","zone":"traffic","osm":14067065101}},{"type":"Feature","geometry":{"type":"Point","coordinates":[-111.68199,43.96049]},"properties":{"brand":"Flock Safety","zone":"traffic","osm":14025285101}},{"type":"Feature","geometry":{"type":"Point","coordinates":[-68.60356,45.37435]},"properties":{"brand":"Leonardo","zone":"traffic","osm":14126974503}},{"type":"Feature","geometry":{"type":"Point","coordinates":[-84.45696,46.25929]},"properties":{"brand":"Flock Safety","zone":"traffic","osm":14088652301}},{"type":"Feature","geometry":{"type":"Point","coordinates":[-79.53632,43.84947]},"properties":{"brand":"York Regional Police","zone":"traffic","osm":11077499228}},{"type":"Feature","geometry":{"type":"Point","coordinates":[-80.94417,46.5219]},"properties":{"brand":"Dahua Technology","zone":"traffic","osm":13591402385}},{"type":"Feature","geometry":{"type":"Point","coordinates":[-76.95173,44.24681]},"properties":{"brand":"Flock Safety","zone":"traffic","osm":13427175301}},{"type":"Feature","geometry":{"type":"Point","coordinates":[-81.95727,35.96832]},"properties":{"brand":"Flock Safety","zone":"","osm":12198070058}},{"type":"Feature","geometry":{"type":"Point","coordinates":[-82.45206,27.28406]},"properties":{"brand":"ALPR","zone":"traffic","osm":5266844419}},{"type":"Feature","geometry":{"type":"Point","coordinates":[-101.88403,35.19032]},"properties":{"brand":"Flock Safety","zone":"traffic","osm":12437024204}},{"type":"Feature","geometry":{"type":"Point","coordinates":[-122.47565,37.80717]},"properties":{"brand":"Golden Gate Bridge Highway and Transportation Di","zone":"traffic","osm":65374006}},{"type":"Feature","geometry":{"type":"Point","coordinates":[-122.65779,45.61777]},"properties":{"brand":"Flock Safety","zone":"traffic","osm":12342265695}},{"type":"Feature","geometry":{"type":"Point","coordinates":[-73.77046,41.28611]},"properties":{"brand":"Rekor","zone":"traffic","osm":2517833464}},{"type":"Feature","geometry":{"type":"Point","coordinates":[-112.2373,33.61014]},"properties":{"brand":"Flock Safety","zone":"","osm":6448566437}},{"type":"Feature","geometry":{"type":"Point","coordinates":[-73.88714,41.20211]},"properties":{"brand":"Rekor","zone":"traffic","osm":254598092}},{"type":"Feature","geometry":{"type":"Point","coordinates":[-105.07458,39.88971]},"properties":{"brand":"Flock Safety","zone":"traffic","osm":4888220579}},{"type":"Feature","geometry":{"type":"Point","coordinates":[-87.77462,30.61825]},"properties":{"brand":"Flock Safety","zone":"traffic","osm":12358209642}},{"type":"Feature","geometry":{"type":"Point","coordinates":[-87.46997,37.9943]},"properties":{"brand":"ALPR","zone":"parking_entrance","osm":11761609111}},{"type":"Feature","geometry":{"type":"Point","coordinates":[-86.76134,33.50599]},"properties":{"brand":"Flock Safety","zone":"traffic","osm":12342543425}},{"type":"Feature","geometry":{"type":"Point","coordinates":[-121.20882,39.20029]},"properties":{"brand":"Flock Safety","zone":"traffic","osm":12417498370}},{"type":"Feature","geometry":{"type":"Point","coordinates":[-71.42075,41.81908]},"properties":{"brand":"Flock Safety","zone":"","osm":201564236}},{"type":"Feature","geometry":{"type":"Point","coordinates":[-70.85641,42.96246]},"properties":{"brand":"New Hampshire Bureau of Turnpikes","zone":"traffic","osm":885709933}},{"type":"Feature","geometry":{"type":"Point","coordinates":[-84.29125,33.75729]},"properties":{"brand":"Flock Safety","zone":"","osm":1273883625}},{"type":"Feature","geometry":{"type":"Point","coordinates":[-97.10865,33.10134]},"properties":{"brand":"Flock Safety","zone":"street","osm":1758456906}},{"type":"Feature","geometry":{"type":"Point","coordinates":[-119.31448,36.32568]},"properties":{"brand":"Flock Safety","zone":"traffic","osm":12350493604}},{"type":"Feature","geometry":{"type":"Point","coordinates":[-81.28827,28.91268]},"properties":{"brand":"Flock Safety","zone":"parking","osm":6069168825}},{"type":"Feature","geometry":{"type":"Point","coordinates":[-80.81866,28.5796]},"properties":{"brand":"ALPR","zone":"","osm":8829784763}},{"type":"Feature","geometry":{"type":"Point","coordinates":[-81.18515,28.82078]},"properties":{"brand":"Flock Safety","zone":"traffic","osm":12398035702}},{"type":"Feature","geometry":{"type":"Point","coordinates":[-85.99477,39.92732]},"properties":{"brand":"Flock Safety","zone":"traffic","osm":7596401165}},{"type":"Feature","geometry":{"type":"Point","coordinates":[-97.63833,38.82704]},"properties":{"brand":"Flock Safety","zone":"traffic","osm":12670235153}},{"type":"Feature","geometry":{"type":"Point","coordinates":[-117.71718,33.82489]},"properties":{"brand":"ALPR","zone":"traffic","osm":588178387}},{"type":"Feature","geometry":{"type":"Point","coordinates":[-97.45852,37.72265]},"properties":{"brand":"Flock Safety","zone":"traffic","osm":12368857279}},{"type":"Feature","geometry":{"type":"Point","coordinates":[-90.34414,29.93028]},"properties":{"brand":"Flock Safety","zone":"traffic","osm":123690791}},{"type":"Feature","geometry":{"type":"Point","coordinates":[-96.75365,43.51472]},"properties":{"brand":"Flock Safety","zone":"traffic","osm":12631936637}},{"type":"Feature","geometry":{"type":"Point","coordinates":[-97.95676,29.37332]},"properties":{"brand":"ALPR","zone":"traffic","osm":11477356055}},{"type":"Feature","geometry":{"type":"Point","coordinates":[-98.20391,26.18987]},"properties":{"brand":"Flock Safety","zone":"traffic","osm":13348179102}},{"type":"Feature","geometry":{"type":"Point","coordinates":[-95.53139,29.73752]},"properties":{"brand":"Flock Safety","zone":"traffic","osm":9210970830}},{"type":"Feature","geometry":{"type":"Point","coordinates":[-84.48832,38.05246]},"properties":{"brand":"Flock Safety","zone":"traffic","osm":10848073237}},{"type":"Feature","geometry":{"type":"Point","coordinates":[-79.03198,35.9599]},"properties":{"brand":"Turing.ai","zone":"parking","osm":5294154946}},{"type":"Feature","geometry":{"type":"Point","coordinates":[-115.53559,32.7816]},"properties":{"brand":"Flock Safety","zone":"traffic","osm":12947720760}},{"type":"Feature","geometry":{"type":"Point","coordinates":[-107.36004,39.56144]},"properties":{"brand":"Flock Safety","zone":"traffic","osm":12758708159}},{"type":"Feature","geometry":{"type":"Point","coordinates":[-107.85372,37.29604]},"properties":{"brand":"Flock Safety","zone":"traffic","osm":12755564944}},{"type":"Feature","geometry":{"type":"Point","coordinates":[-85.96397,41.69018]},"properties":{"brand":"ALPR","zone":"","osm":7131552465}},{"type":"Feature","geometry":{"type":"Point","coordinates":[-94.6677,39.01852]},"properties":{"brand":"Genetec","zone":"traffic","osm":5059345000}},{"type":"Feature","geometry":{"type":"Point","coordinates":[-80.12814,40.70541]},"properties":{"brand":"PlateSmart/CyclopsTchnlgs","zone":"traffic;park;parking","osm":1642167382}},{"type":"Feature","geometry":{"type":"Point","coordinates":[-82.59757,40.66981]},"properties":{"brand":"Flock Safety","zone":"traffic","osm":6504987794}},{"type":"Feature","geometry":{"type":"Point","coordinates":[-78.36969,38.23739]},"properties":{"brand":"Flock Safety","zone":"traffic","osm":9563746946}},{"type":"Feature","geometry":{"type":"Point","coordinates":[-101.90511,33.49046]},"properties":{"brand":"Flock Safety","zone":"traffic","osm":12587827394}},{"type":"Feature","geometry":{"type":"Point","coordinates":[-93.75175,32.33903]},"properties":{"brand":"Motorola Solutions","zone":"traffic","osm":12413042185}},{"type":"Feature","geometry":{"type":"Point","coordinates":[-89.81958,44.4232]},"properties":{"brand":"Flock Safety","zone":"traffic","osm":12372730624}},{"type":"Feature","geometry":{"type":"Point","coordinates":[-87.94305,42.20434]},"properties":{"brand":"Flock Safety","zone":"traffic","osm":6577258293}},{"type":"Feature","geometry":{"type":"Point","coordinates":[-73.51404,40.81043]},"properties":{"brand":"Flock Safety","zone":"traffic","osm":12335825144}},{"type":"Feature","geometry":{"type":"Point","coordinates":[-117.7159,33.57794]},"properties":{"brand":"ALPR","zone":"traffic","osm":351938027}},{"type":"Feature","geometry":{"type":"Point","coordinates":[-118.88737,34.18722]},"properties":{"brand":"TOPD","zone":"street","osm":11880364702}},{"type":"Feature","geometry":{"type":"Point","coordinates":[-93.2412,44.09482]},"properties":{"brand":"Flock Safety","zone":"traffic","osm":8577448262}},{"type":"Feature","geometry":{"type":"Point","coordinates":[-89.52683,43.31395]},"properties":{"brand":"Neology, Inc.","zone":"traffic","osm":11899529300}},{"type":"Feature","geometry":{"type":"Point","coordinates":[-88.07825,40.45912]},"properties":{"brand":"Flock Safety","zone":"traffic","osm":10837038294}},{"type":"Feature","geometry":{"type":"Point","coordinates":[-95.20092,42.66179]},"properties":{"brand":"Flock Safety","zone":"traffic","osm":12500677029}},{"type":"Feature","geometry":{"type":"Point","coordinates":[-66.803,18.45079]},"properties":{"brand":"Genetec","zone":"traffic","osm":13888671902}},{"type":"Feature","geometry":{"type":"Point","coordinates":[-77.71767,39.66898]},"properties":{"brand":"ALPR","zone":"","osm":4795640516}},{"type":"Feature","geometry":{"type":"Point","coordinates":[-77.23012,42.9763]},"properties":{"brand":"ALPR","zone":"traffic","osm":10945232512}},{"type":"Feature","geometry":{"type":"Point","coordinates":[-112.13322,33.80094]},"properties":{"brand":"Flock Safety","zone":"","osm":7222284795}},{"type":"Feature","geometry":{"type":"Point","coordinates":[-121.29673,38.85088]},"properties":{"brand":"Flock Safety","zone":"traffic","osm":12418061130}},{"type":"Feature","geometry":{"type":"Point","coordinates":[-93.7558,47.22507]},"properties":{"brand":"Flock Safety","zone":"","osm":13318423604}},{"type":"Feature","geometry":{"type":"Point","coordinates":[-91.34147,39.51944]},"properties":{"brand":"Flock Safety","zone":"traffic","osm":12485441280}},{"type":"Feature","geometry":{"type":"Point","coordinates":[-118.34404,46.07029]},"properties":{"brand":"Flock Safety","zone":"traffic","osm":12485378156}},{"type":"Feature","geometry":{"type":"Point","coordinates":[-122.18236,47.57114]},"properties":{"brand":"Flock Safety","zone":"","osm":9664287616}},{"type":"Feature","geometry":{"type":"Point","coordinates":[-97.59765,35.51162]},"properties":{"brand":"ALPR","zone":"traffic","osm":11001547581}},{"type":"Feature","geometry":{"type":"Point","coordinates":[-79.23267,37.34714]},"properties":{"brand":"ALPR","zone":"traffic","osm":11905251953}},{"type":"Feature","geometry":{"type":"Point","coordinates":[-75.6674,36.01086]},"properties":{"brand":"Flock Safety","zone":"traffic","osm":12832279635}},{"type":"Feature","geometry":{"type":"Point","coordinates":[-82.14166,33.5069]},"properties":{"brand":"Genetec","zone":"traffic","osm":11382133123}},{"type":"Feature","geometry":{"type":"Point","coordinates":[-89.61026,39.83118]},"properties":{"brand":"Flock Safety","zone":"traffic","osm":11048302382}},{"type":"Feature","geometry":{"type":"Point","coordinates":[-92.01551,38.49482]},"properties":{"brand":"Flock Safety","zone":"traffic","osm":12626833854}},{"type":"Feature","geometry":{"type":"Point","coordinates":[-106.55975,35.12253]},"properties":{"brand":"Genetec","zone":"traffic","osm":12708001376}},{"type":"Feature","geometry":{"type":"Point","coordinates":[-90.39263,38.21116]},"properties":{"brand":"Flock Safety","zone":"traffic","osm":12335719456}},{"type":"Feature","geometry":{"type":"Point","coordinates":[-94.63753,37.33845]},"properties":{"brand":"Flock Safety","zone":"traffic","osm":12366992071}},{"type":"Feature","geometry":{"type":"Point","coordinates":[-110.76408,33.3911]},"properties":{"brand":"Flock Safety","zone":"traffic","osm":12731771611}},{"type":"Feature","geometry":{"type":"Point","coordinates":[-92.91226,42.00481]},"properties":{"brand":"Flock Safety","zone":"traffic","osm":12550793427}},{"type":"Feature","geometry":{"type":"Point","coordinates":[-84.434,33.48611]},"properties":{"brand":"Flock Safety","zone":"traffic","osm":12376255495}},{"type":"Feature","geometry":{"type":"Point","coordinates":[-83.23154,42.28268]},"properties":{"brand":"Flock Safety","zone":"traffic","osm":9407873739}},{"type":"Feature","geometry":{"type":"Point","coordinates":[-92.19106,34.82934]},"properties":{"brand":"Flock Safety","zone":"traffic","osm":12637781424}},{"type":"Feature","geometry":{"type":"Point","coordinates":[-111.98959,41.25933]},"properties":{"brand":"Flock Safety","zone":"","osm":13236707614}},{"type":"Feature","geometry":{"type":"Point","coordinates":[-116.35276,43.63404]},"properties":{"brand":"Flock Safety","zone":"","osm":13080713829}},{"type":"Feature","geometry":{"type":"Point","coordinates":[-120.53051,46.58535]},"properties":{"brand":"Flock Safety","zone":"","osm":9414099920}},{"type":"Feature","geometry":{"type":"Point","coordinates":[-86.76095,34.32551]},"properties":{"brand":"Flock Safety","zone":"traffic","osm":12187369979}},{"type":"Feature","geometry":{"type":"Point","coordinates":[-114.03763,46.89382]},"properties":{"brand":"Flock Safety","zone":"","osm":13076845788}},{"type":"Feature","geometry":{"type":"Point","coordinates":[-105.94932,35.69205]},"properties":{"brand":"Flock Safety","zone":"","osm":13069729842}},{"type":"Feature","geometry":{"type":"Point","coordinates":[-76.19261,36.91852]},"properties":{"brand":"Flock Safety","zone":"traffic","osm":12383578516}},{"type":"Feature","geometry":{"type":"Point","coordinates":[-78.81424,42.89698]},"properties":{"brand":"Genetec","zone":"traffic","osm":10828130067}},{"type":"Feature","geometry":{"type":"Point","coordinates":[-95.96696,36.1164]},"properties":{"brand":"Flock Safety","zone":"traffic","osm":9866792779}},{"type":"Feature","geometry":{"type":"Point","coordinates":[-158.02484,21.37783]},"properties":{"brand":"ALPR","zone":"parking","osm":13282369367}},{"type":"Feature","geometry":{"type":"Point","coordinates":[-96.91414,46.83356]},"properties":{"brand":"Flock Safety","zone":"traffic","osm":10658072533}},{"type":"Feature","geometry":{"type":"Point","coordinates":[-123.8438,46.96622]},"properties":{"brand":"Flock Safety","zone":"","osm":12869445901}},{"type":"Feature","geometry":{"type":"Point","coordinates":[-78.53475,36.08331]},"properties":{"brand":"Flock Safety","zone":"traffic","osm":12402747057}},{"type":"Feature","geometry":{"type":"Point","coordinates":[-80.25364,26.24238]},"properties":{"brand":"Flock Safety","zone":"traffic","osm":12338385469}},{"type":"Feature","geometry":{"type":"Point","coordinates":[-82.60038,36.55732]},"properties":{"brand":"Flock Safety","zone":"traffic","osm":12383378733}},{"type":"Feature","geometry":{"type":"Point","coordinates":[-101.17326,35.43547]},"properties":{"brand":"Flock Safety","zone":"","osm":13153125148}},{"type":"Feature","geometry":{"type":"Point","coordinates":[-92.65006,32.5231]},"properties":{"brand":"ALPR","zone":"traffic","osm":12123468077}},{"type":"Feature","geometry":{"type":"Point","coordinates":[-85.58036,30.23353]},"properties":{"brand":"Flock Safety","zone":"street","osm":11153441234}},{"type":"Feature","geometry":{"type":"Point","coordinates":[-96.79841,44.26842]},"properties":{"brand":"Flock Safety","zone":"traffic","osm":12626404865}},{"type":"Feature","geometry":{"type":"Point","coordinates":[-75.05515,44.43396]},"properties":{"brand":"Flock Safety","zone":"traffic","osm":13630032497}},{"type":"Feature","geometry":{"type":"Point","coordinates":[-104.26496,32.44811]},"properties":{"brand":"Flock Safety","zone":"traffic","osm":12766662719}},{"type":"Feature","geometry":{"type":"Point","coordinates":[-117.4357,47.66298]},"properties":{"brand":"Neology, Inc.","zone":"traffic","osm":12385126883}},{"type":"Feature","geometry":{"type":"Point","coordinates":[-122.81394,42.31801]},"properties":{"brand":"Flock Safety","zone":"traffic","osm":12336547263}},{"type":"Feature","geometry":{"type":"Point","coordinates":[-97.22264,28.08508]},"properties":{"brand":"ALPR","zone":"traffic","osm":12849013529}},{"type":"Feature","geometry":{"type":"Point","coordinates":[-89.68867,35.00963]},"properties":{"brand":"Flock Safety","zone":"traffic","osm":12344830386}},{"type":"Feature","geometry":{"type":"Point","coordinates":[-112.27433,40.5575]},"properties":{"brand":"Flock Safety","zone":"traffic","osm":12402709186}},{"type":"Feature","geometry":{"type":"Point","coordinates":[-104.57383,38.28829]},"properties":{"brand":"Flock Safety","zone":"traffic","osm":12341624195}},{"type":"Feature","geometry":{"type":"Point","coordinates":[-110.76178,43.49165]},"properties":{"brand":"Flock Safety","zone":"traffic","osm":12636162900}},{"type":"Feature","geometry":{"type":"Point","coordinates":[-121.17191,44.27004]},"properties":{"brand":"Motorola Solutions","zone":"traffic","osm":12482480306}},{"type":"Feature","geometry":{"type":"Point","coordinates":[-92.03501,30.24945]},"properties":{"brand":"Flock Safety","zone":"traffic","osm":12396759278}},{"type":"Feature","geometry":{"type":"Point","coordinates":[-113.05639,37.73143]},"properties":{"brand":"Flock Safety","zone":"","osm":13070053710}},{"type":"Feature","geometry":{"type":"Point","coordinates":[-90.0944,32.416]},"properties":{"brand":"Flock Safety","zone":"traffic","osm":12702976812}},{"type":"Feature","geometry":{"type":"Point","coordinates":[-79.0766,33.50965]},"properties":{"brand":"Flock Safety","zone":"traffic","osm":12469875309}},{"type":"Feature","geometry":{"type":"Point","coordinates":[-100.76433,41.0973]},"properties":{"brand":"Flock Safety","zone":"","osm":13097630892}},{"type":"Feature","geometry":{"type":"Point","coordinates":[-110.7072,38.37435]},"properties":{"brand":"Flock Safety","zone":"traffic","osm":13507434401}},{"type":"Feature","geometry":{"type":"Point","coordinates":[-88.48059,43.78424]},"properties":{"brand":"Flock Safety","zone":"traffic","osm":12397281215}},{"type":"Feature","geometry":{"type":"Point","coordinates":[-106.30385,31.72752]},"properties":{"brand":"Flock Safety","zone":"","osm":13076896969}},{"type":"Feature","geometry":{"type":"Point","coordinates":[-85.64589,44.72339]},"properties":{"brand":"Flock Safety","zone":"traffic","osm":12484510944}},{"type":"Feature","geometry":{"type":"Point","coordinates":[-95.04367,45.12213]},"properties":{"brand":"Flock Safety","zone":"","osm":13119598416}},{"type":"Feature","geometry":{"type":"Point","coordinates":[-91.38718,46.77499]},"properties":{"brand":"Flock Safety","zone":"traffic","osm":13337313901}},{"type":"Feature","geometry":{"type":"Point","coordinates":[-81.77415,26.21288]},"properties":{"brand":"Flock Safety","zone":"traffic","osm":12800499019}},{"type":"Feature","geometry":{"type":"Point","coordinates":[-110.01994,34.2569]},"properties":{"brand":"Flock Safety","zone":"traffic","osm":13356684102}},{"type":"Feature","geometry":{"type":"Point","coordinates":[-115.19121,36.0403]},"properties":{"brand":"Flock Safety","zone":"","osm":13060965967}},{"type":"Feature","geometry":{"type":"Point","coordinates":[-90.5441,46.52298]},"properties":{"brand":"Flock Safety","zone":"traffic","osm":13336969601}},{"type":"Feature","geometry":{"type":"Point","coordinates":[-98.89074,29.71275]},"properties":{"brand":"Flock Safety","zone":"traffic","osm":13354499401}},{"type":"Feature","geometry":{"type":"Point","coordinates":[-118.41788,37.37598]},"properties":{"brand":"Motorola Solutions","zone":"traffic","osm":13850504701}},{"type":"Feature","geometry":{"type":"Point","coordinates":[-99.43861,27.5717]},"properties":{"brand":"Flock Safety","zone":"area","osm":13252368165}},{"type":"Feature","geometry":{"type":"Point","coordinates":[-123.78999,40.07624]},"properties":{"brand":"Flock Safety","zone":"","osm":13153147449}},{"type":"Feature","geometry":{"type":"Point","coordinates":[-122.4815,48.78518]},"properties":{"brand":"Flock Safety","zone":"traffic","osm":12984510500}},{"type":"Feature","geometry":{"type":"Point","coordinates":[-103.53829,46.92131]},"properties":{"brand":"Flock Safety","zone":"traffic","osm":13944132269}},{"type":"Feature","geometry":{"type":"Point","coordinates":[-105.43455,31.19277]},"properties":{"brand":"Flock Safety","zone":"traffic","osm":13644402583}},{"type":"Feature","geometry":{"type":"Point","coordinates":[-103.66594,41.87966]},"properties":{"brand":"Flock Safety","zone":"","osm":13289983963}},{"type":"Feature","geometry":{"type":"Point","coordinates":[-100.80297,36.40809]},"properties":{"brand":"Flock Safety","zone":"","osm":13150102967}},{"type":"Feature","geometry":{"type":"Point","coordinates":[-99.69205,32.47486]},"properties":{"brand":"Flock Safety","zone":"","osm":13171652661}},{"type":"Feature","geometry":{"type":"Point","coordinates":[-100.78732,46.79685]},"properties":{"brand":"Flock Safety","zone":"traffic","osm":14090816002}},{"type":"Feature","geometry":{"type":"Point","coordinates":[-115.26668,36.2699]},"properties":{"brand":"Flock Safety","zone":"","osm":13208533185}},{"type":"Feature","geometry":{"type":"Point","coordinates":[-108.53979,45.78012]},"properties":{"brand":"Flock Safety","zone":"traffic","osm":13734456001}},{"type":"Feature","geometry":{"type":"Point","coordinates":[-114.40672,42.93528]},"properties":{"brand":"Flock Safety","zone":"","osm":13092810108}},{"type":"Feature","geometry":{"type":"Point","coordinates":[-99.01104,41.42296]},"properties":{"brand":"Flock Safety","zone":"traffic","osm":13574961031}},{"type":"Feature","geometry":{"type":"Point","coordinates":[-103.18973,44.09914]},"properties":{"brand":"Flock Safety","zone":"traffic","osm":13669862201}},{"type":"Feature","geometry":{"type":"Point","coordinates":[-101.71459,41.11656]},"properties":{"brand":"Flock Safety","zone":"","osm":13517922606}},{"type":"Feature","geometry":{"type":"Point","coordinates":[-103.23791,30.13926]},"properties":{"brand":"Drug Enforcement Administration","zone":"traffic","osm":13502852472}},{"type":"Feature","geometry":{"type":"Point","coordinates":[-65.97615,18.25382]},"properties":{"brand":"Motorola Solutions","zone":"traffic","osm":13205425903}},{"type":"Feature","geometry":{"type":"Point","coordinates":[-70.22355,44.09717]},"properties":{"brand":"Flock Safety","zone":"","osm":13300670381}},{"type":"Feature","geometry":{"type":"Point","coordinates":[-123.96717,45.91136]},"properties":{"brand":"Flock Safety","zone":"traffic","osm":14148559901}},{"type":"Feature","geometry":{"type":"Point","coordinates":[-110.57327,39.52593]},"properties":{"brand":"Flock Safety","zone":"traffic","osm":13764680425}},{"type":"Feature","geometry":{"type":"Point","coordinates":[-101.35954,37.57646]},"properties":{"brand":"Flock Safety","zone":"traffic","osm":13310337401}},{"type":"Feature","geometry":{"type":"Point","coordinates":[-124.15589,41.74025]},"properties":{"brand":"Flock Safety","zone":"traffic","osm":13325094701}},{"type":"Feature","geometry":{"type":"Point","coordinates":[-73.2097,44.45523]},"properties":{"brand":"Flock Safety","zone":"traffic","osm":13578256301}},{"type":"Feature","geometry":{"type":"Point","coordinates":[-156.50772,20.81055]},"properties":{"brand":"Motorola Solutions","zone":"","osm":13329673521}},{"type":"Feature","geometry":{"type":"Point","coordinates":[-155.04334,19.63875]},"properties":{"brand":"Flock Safety","zone":"traffic","osm":14067065103}},{"type":"Feature","geometry":{"type":"Point","coordinates":[-111.68324,43.96637]},"properties":{"brand":"Flock Safety","zone":"traffic","osm":14065312901}},{"type":"Feature","geometry":{"type":"Point","coordinates":[-68.70136,44.9928]},"properties":{"brand":"Leonardo","zone":"traffic","osm":14126975802}},{"type":"Feature","geometry":{"type":"Point","coordinates":[-84.23317,46.53976]},"properties":{"brand":"Sault Ste. Marie Police Service","zone":"traffic","osm":13927873613}},{"type":"Feature","geometry":{"type":"Point","coordinates":[-79.28423,43.86706]},"properties":{"brand":"York Regional Police","zone":"traffic","osm":11310801763}},{"type":"Feature","geometry":{"type":"Point","coordinates":[-80.90765,46.53716]},"properties":{"brand":"Dahua Technology","zone":"traffic","osm":13591402386}},{"type":"Feature","geometry":{"type":"Point","coordinates":[-76.95067,44.24735]},"properties":{"brand":"Flock Safety","zone":"traffic","osm":13427176801}},{"type":"Feature","geometry":{"type":"Point","coordinates":[-81.89543,35.33639]},"properties":{"brand":"Flock Safety","zone":"traffic","osm":12337734697}},{"type":"Feature","geometry":{"type":"Point","coordinates":[-81.42148,28.50936]},"properties":{"brand":"Flock Safety","zone":"","osm":5323260115}},{"type":"Feature","geometry":{"type":"Point","coordinates":[-101.92039,35.16799]},"properties":{"brand":"Flock Safety","zone":"traffic","osm":12457292590}},{"type":"Feature","geometry":{"type":"Point","coordinates":[-121.73099,38.6756]},"properties":{"brand":"Flock Safety","zone":"traffic","osm":95708827}},{"type":"Feature","geometry":{"type":"Point","coordinates":[-122.55291,45.67675]},"properties":{"brand":"Flock Safety","zone":"traffic","osm":12342265696}},{"type":"Feature","geometry":{"type":"Point","coordinates":[-76.1296,43.03646]},"properties":{"brand":"Flock Safety","zone":"","osm":4804095922}},{"type":"Feature","geometry":{"type":"Point","coordinates":[-111.73577,33.45169]},"properties":{"brand":"Flock Safety","zone":"traffic","osm":10145460684}},{"type":"Feature","geometry":{"type":"Point","coordinates":[-73.8598,41.10719]},"properties":{"brand":"Rekor","zone":"","osm":254599504}},{"type":"Feature","geometry":{"type":"Point","coordinates":[-105.02522,39.725]},"properties":{"brand":"Neology, Inc.","zone":"traffic","osm":5069561593}},{"type":"Feature","geometry":{"type":"Point","coordinates":[-88.22532,30.68512]},"properties":{"brand":"Flock Safety","zone":"parking","osm":12405843781}},{"type":"Feature","geometry":{"type":"Point","coordinates":[-87.58237,38.00168]},"properties":{"brand":"Flock Safety","zone":"traffic","osm":12331572923}},{"type":"Feature","geometry":{"type":"Point","coordinates":[-86.79482,33.50635]},"properties":{"brand":"Flock Safety","zone":"traffic","osm":12342543426}},{"type":"Feature","geometry":{"type":"Point","coordinates":[-121.24884,39.20956]},"properties":{"brand":"Flock Safety","zone":"traffic","osm":12417498371}},{"type":"Feature","geometry":{"type":"Point","coordinates":[-73.52974,41.26447]},"properties":{"brand":"Rekor","zone":"traffic","osm":254249429}},{"type":"Feature","geometry":{"type":"Point","coordinates":[-70.85625,42.96244]},"properties":{"brand":"New Hampshire Bureau of Turnpikes","zone":"traffic","osm":885709940}},{"type":"Feature","geometry":{"type":"Point","coordinates":[-84.32915,33.84809]},"properties":{"brand":"Flock Safety","zone":"traffic","osm":2508825234}},{"type":"Feature","geometry":{"type":"Point","coordinates":[-97.00719,32.67863]},"properties":{"brand":"Flock Safety","zone":"traffic","osm":3253185026}},{"type":"Feature","geometry":{"type":"Point","coordinates":[-119.31821,36.32194]},"properties":{"brand":"Flock Safety","zone":"traffic","osm":12350493606}},{"type":"Feature","geometry":{"type":"Point","coordinates":[-81.2883,28.91385]},"properties":{"brand":"Flock Safety","zone":"parking","osm":6069168832}},{"type":"Feature","geometry":{"type":"Point","coordinates":[-80.10577,26.55628]},"properties":{"brand":"Flock Safety","zone":"traffic","osm":9103935420}},{"type":"Feature","geometry":{"type":"Point","coordinates":[-81.18565,28.82025]},"properties":{"brand":"Volusia County Sheriff's Office","zone":"traffic","osm":12398035703}},{"type":"Feature","geometry":{"type":"Point","coordinates":[-85.998,40.03865]},"properties":{"brand":"Flock Safety","zone":"","osm":7935208348}},{"type":"Feature","geometry":{"type":"Point","coordinates":[-97.61138,38.78345]},"properties":{"brand":"Flock Safety","zone":"entrance","osm":12670253554}},{"type":"Feature","geometry":{"type":"Point","coordinates":[-117.57589,34.02661]},"properties":{"brand":"Flock Safety","zone":"traffic","osm":1145325252}},{"type":"Feature","geometry":{"type":"Point","coordinates":[-97.44467,37.72175]},"properties":{"brand":"Flock Safety","zone":"traffic","osm":12368887215}},{"type":"Feature","geometry":{"type":"Point","coordinates":[-90.45239,29.99172]},"properties":{"brand":"ALPR","zone":"traffic","osm":123699162}},{"type":"Feature","geometry":{"type":"Point","coordinates":[-96.75201,43.51471]},"properties":{"brand":"Flock Safety","zone":"traffic","osm":12631936638}},{"type":"Feature","geometry":{"type":"Point","coordinates":[-97.93575,29.06577]},"properties":{"brand":"ALPR","zone":"traffic","osm":11477356056}},{"type":"Feature","geometry":{"type":"Point","coordinates":[-98.20361,26.18956]},"properties":{"brand":"Flock Safety","zone":"traffic","osm":13348204701}},{"type":"Feature","geometry":{"type":"Point","coordinates":[-95.05746,29.52497]},"properties":{"brand":"Flock Safety","zone":"","osm":9319450491}},{"type":"Feature","geometry":{"type":"Point","coordinates":[-84.50567,38.01915]},"properties":{"brand":"ALPR","zone":"street","osm":10852612353}},{"type":"Feature","geometry":{"type":"Point","coordinates":[-78.84507,35.88754]},"properties":{"brand":"ALPR","zone":"traffic","osm":6174245977}},{"type":"Feature","geometry":{"type":"Point","coordinates":[-115.53522,32.78143]},"properties":{"brand":"Flock Safety","zone":"traffic","osm":12947720761}},{"type":"Feature","geometry":{"type":"Point","coordinates":[-107.34503,39.55642]},"properties":{"brand":"Flock Safety","zone":"traffic","osm":12758711105}},{"type":"Feature","geometry":{"type":"Point","coordinates":[-107.8807,37.27341]},"properties":{"brand":"ALPR","zone":"street","osm":12755624804}},{"type":"Feature","geometry":{"type":"Point","coordinates":[-85.62127,43.08413]},"properties":{"brand":"Flock Safety","zone":"traffic","osm":7232381284}},{"type":"Feature","geometry":{"type":"Point","coordinates":[-94.53978,39.23843]},"properties":{"brand":"Flock Safety","zone":"traffic","osm":5230058412}},{"type":"Feature","geometry":{"type":"Point","coordinates":[-80.12608,40.69588]},"properties":{"brand":"PlateSmart/CyclopsTchnlgs","zone":"traffic","osm":1655464079}},{"type":"Feature","geometry":{"type":"Point","coordinates":[-82.9916,39.92518]},"properties":{"brand":"Flock Safety","zone":"","osm":8989140029}},{"type":"Feature","geometry":{"type":"Point","coordinates":[-78.36803,38.23911]},"properties":{"brand":"Flock Safety","zone":"parking_entrance","osm":9563746971}},{"type":"Feature","geometry":{"type":"Point","coordinates":[-101.91003,33.53157]},"properties":{"brand":"Flock Safety","zone":"traffic","osm":12598068996}},{"type":"Feature","geometry":{"type":"Point","coordinates":[-96.11229,33.09823]},"properties":{"brand":"Flock Safety","zone":"traffic","osm":12812385798}},{"type":"Feature","geometry":{"type":"Point","coordinates":[-89.09642,44.34388]},"properties":{"brand":"Flock Safety","zone":"traffic","osm":12394708959}},{"type":"Feature","geometry":{"type":"Point","coordinates":[-87.62679,41.891]},"properties":{"brand":"ALPR","zone":"","osm":7025421509}},{"type":"Feature","geometry":{"type":"Point","coordinates":[-73.60065,40.85362]},"properties":{"brand":"Flock Safety","zone":"traffic","osm":12405626179}},{"type":"Feature","geometry":{"type":"Point","coordinates":[-117.62423,33.65413]},"properties":{"brand":"ALPR","zone":"traffic","osm":353744932}},{"type":"Feature","geometry":{"type":"Point","coordinates":[-118.93797,34.19311]},"properties":{"brand":"Flock Safety","zone":"traffic","osm":11880364705}},{"type":"Feature","geometry":{"type":"Point","coordinates":[-92.75749,44.98814]},"properties":{"brand":"Flock Safety","zone":"traffic","osm":12333489524}},{"type":"Feature","geometry":{"type":"Point","coordinates":[-88.83619,41.37458]},"properties":{"brand":"Flock Safety","zone":"traffic","osm":12337429869}},{"type":"Feature","geometry":{"type":"Point","coordinates":[-88.09158,40.47099]},"properties":{"brand":"Flock Safety","zone":"traffic","osm":11174744057}},{"type":"Feature","geometry":{"type":"Point","coordinates":[-95.17177,42.64749]},"properties":{"brand":"Flock Safety","zone":"traffic","osm":12500702793}},{"type":"Feature","geometry":{"type":"Point","coordinates":[-66.79033,18.48865]},"properties":{"brand":"Flock Safety","zone":"traffic","osm":13952912201}},{"type":"Feature","geometry":{"type":"Point","coordinates":[-77.5234,38.75576]},"properties":{"brand":"Flock Safety","zone":"street","osm":5278650513}},{"type":"Feature","geometry":{"type":"Point","coordinates":[-77.23012,42.97634]},"properties":{"brand":"ALPR","zone":"traffic","osm":10945232513}},{"type":"Feature","geometry":{"type":"Point","coordinates":[-111.92364,33.82741]},"properties":{"brand":"Flock Safety","zone":"","osm":9810377659}},{"type":"Feature","geometry":{"type":"Point","coordinates":[-121.30698,38.8505]},"properties":{"brand":"Flock Safety","zone":"traffic","osm":12418061131}},{"type":"Feature","geometry":{"type":"Point","coordinates":[-93.79497,47.33345]},"properties":{"brand":"Flock Safety","zone":"","osm":13318432905}},{"type":"Feature","geometry":{"type":"Point","coordinates":[-92.36074,38.97503]},"properties":{"brand":"Flock Safety","zone":"","osm":12540377398}},{"type":"Feature","geometry":{"type":"Point","coordinates":[-118.34578,46.05325]},"properties":{"brand":"Flock Safety","zone":"traffic","osm":12485378157}},{"type":"Feature","geometry":{"type":"Point","coordinates":[-122.20013,47.49964]},"properties":{"brand":"Flock Safety","zone":"parking","osm":9696427066}},{"type":"Feature","geometry":{"type":"Point","coordinates":[-97.66277,35.56842]},"properties":{"brand":"ALPR","zone":"traffic","osm":11001547582}},{"type":"Feature","geometry":{"type":"Point","coordinates":[-79.22427,37.39827]},"properties":{"brand":"ALPR","zone":"traffic","osm":11918802047}},{"type":"Feature","geometry":{"type":"Point","coordinates":[-75.64841,35.99297]},"properties":{"brand":"Flock Safety","zone":"traffic","osm":12832281014}},{"type":"Feature","geometry":{"type":"Point","coordinates":[-82.14211,33.50767]},"properties":{"brand":"Genetec","zone":"traffic","osm":11382133124}},{"type":"Feature","geometry":{"type":"Point","coordinates":[-89.61669,39.76003]},"properties":{"brand":"Flock Safety","zone":"traffic","osm":11049672400}},{"type":"Feature","geometry":{"type":"Point","coordinates":[-92.00383,38.48651]},"properties":{"brand":"Flock Safety","zone":"traffic","osm":12627033913}},{"type":"Feature","geometry":{"type":"Point","coordinates":[-106.55995,35.12254]},"properties":{"brand":"Genetec","zone":"traffic","osm":12708001377}},{"type":"Feature","geometry":{"type":"Point","coordinates":[-90.39613,38.20178]},"properties":{"brand":"Flock Safety","zone":"traffic","osm":12335719457}},{"type":"Feature","geometry":{"type":"Point","coordinates":[-94.7054,37.48265]},"properties":{"brand":"Flock Safety","zone":"traffic","osm":12367010088}},{"type":"Feature","geometry":{"type":"Point","coordinates":[-109.57241,31.35001]},"properties":{"brand":"Flock Safety","zone":"traffic","osm":12772744437}},{"type":"Feature","geometry":{"type":"Point","coordinates":[-92.91251,42.00675]},"properties":{"brand":"Flock Safety","zone":"traffic","osm":12550793428}},{"type":"Feature","geometry":{"type":"Point","coordinates":[-84.45736,33.48086]},"properties":{"brand":"Flock Safety","zone":"traffic","osm":12376265107}},{"type":"Feature","geometry":{"type":"Point","coordinates":[-81.40428,41.50071]},"properties":{"brand":"Flock Safety","zone":"traffic","osm":9610056502}},{"type":"Feature","geometry":{"type":"Point","coordinates":[-92.37674,34.71037]},"properties":{"brand":"Flock Safety","zone":"traffic","osm":12637781425}},{"type":"Feature","geometry":{"type":"Point","coordinates":[-112.05905,41.30511]},"properties":{"brand":"Flock Safety","zone":"","osm":13272737165}},{"type":"Feature","geometry":{"type":"Point","coordinates":[-116.35161,43.63576]},"properties":{"brand":"Flock Safety","zone":"","osm":13080713830}},{"type":"Feature","geometry":{"type":"Point","coordinates":[-120.53051,46.58514]},"properties":{"brand":"Flock Safety","zone":"","osm":9414099921}},{"type":"Feature","geometry":{"type":"Point","coordinates":[-86.76423,34.34705]},"properties":{"brand":"Flock Safety","zone":"traffic","osm":12187369980}},{"type":"Feature","geometry":{"type":"Point","coordinates":[-114.33317,48.23717]},"properties":{"brand":"Flock Safety","zone":"","osm":13076892912}},{"type":"Feature","geometry":{"type":"Point","coordinates":[-106.01375,35.64424]},"properties":{"brand":"Flock Safety","zone":"parking","osm":13191524199}},{"type":"Feature","geometry":{"type":"Point","coordinates":[-76.19262,36.91773]},"properties":{"brand":"Flock Safety","zone":"traffic","osm":12383609046}},{"type":"Feature","geometry":{"type":"Point","coordinates":[-78.81423,42.89694]},"properties":{"brand":"Genetec","zone":"traffic","osm":10828130068}},{"type":"Feature","geometry":{"type":"Point","coordinates":[-96.02949,36.09]},"properties":{"brand":"Flock Safety","zone":"traffic","osm":9942983872}},{"type":"Feature","geometry":{"type":"Point","coordinates":[-157.837,21.29751]},"properties":{"brand":"Flock Safety","zone":"traffic","osm":13550940601}},{"type":"Feature","geometry":{"type":"Point","coordinates":[-96.83896,46.8545]},"properties":{"brand":"ALPR","zone":"traffic","osm":10674754256}},{"type":"Feature","geometry":{"type":"Point","coordinates":[-123.84148,46.96657]},"properties":{"brand":"Flock Safety","zone":"","osm":12869449001}},{"type":"Feature","geometry":{"type":"Point","coordinates":[-78.6283,35.67501]},"properties":{"brand":"Flock Safety","zone":"traffic","osm":12414831523}},{"type":"Feature","geometry":{"type":"Point","coordinates":[-80.25157,26.23988]},"properties":{"brand":"Flock Safety","zone":"traffic","osm":12339566232}},{"type":"Feature","geometry":{"type":"Point","coordinates":[-82.14412,36.62769]},"properties":{"brand":"Flock Safety","zone":"traffic","osm":12383378734}},{"type":"Feature","geometry":{"type":"Point","coordinates":[-101.17329,35.43517]},"properties":{"brand":"Flock Safety","zone":"","osm":13156939780}},{"type":"Feature","geometry":{"type":"Point","coordinates":[-92.73291,33.20823]},"properties":{"brand":"Flock Safety","zone":"traffic","osm":12372468178}},{"type":"Feature","geometry":{"type":"Point","coordinates":[-85.64968,30.18303]},"properties":{"brand":"Flock Safety","zone":"street","osm":11153449086}},{"type":"Feature","geometry":{"type":"Point","coordinates":[-96.76068,44.282]},"properties":{"brand":"Flock Safety","zone":"traffic","osm":12626404936}},{"type":"Feature","geometry":{"type":"Point","coordinates":[-75.95898,43.97317]},"properties":{"brand":"Flock Safety","zone":"traffic","osm":13657040501}},{"type":"Feature","geometry":{"type":"Point","coordinates":[-104.26075,32.4432]},"properties":{"brand":"Flock Safety","zone":"traffic","osm":12766662720}},{"type":"Feature","geometry":{"type":"Point","coordinates":[-117.41039,47.7176]},"properties":{"brand":"Flock Safety","zone":"traffic","osm":12401111213}},{"type":"Feature","geometry":{"type":"Point","coordinates":[-122.82299,42.33271]},"properties":{"brand":"Flock Safety","zone":"traffic","osm":12336547264}},{"type":"Feature","geometry":{"type":"Point","coordinates":[-97.22264,28.08508]},"properties":{"brand":"ALPR","zone":"traffic","osm":12849015080}},{"type":"Feature","geometry":{"type":"Point","coordinates":[-89.68883,35.0095]},"properties":{"brand":"Flock Safety","zone":"traffic","osm":12344838551}},{"type":"Feature","geometry":{"type":"Point","coordinates":[-111.88546,40.91119]},"properties":{"brand":"Flock Safety","zone":"traffic","osm":12408479294}},{"type":"Feature","geometry":{"type":"Point","coordinates":[-104.67553,38.69389]},"properties":{"brand":"Flock Safety","zone":"traffic","osm":12341624196}},{"type":"Feature","geometry":{"type":"Point","coordinates":[-110.7893,43.47453]},"properties":{"brand":"Flock Safety","zone":"traffic","osm":12636264356}},{"type":"Feature","geometry":{"type":"Point","coordinates":[-121.17899,44.26573]},"properties":{"brand":"Flock Safety","zone":"traffic","osm":12482505281}},{"type":"Feature","geometry":{"type":"Point","coordinates":[-92.03224,30.239]},"properties":{"brand":"Flock Safety","zone":"traffic","osm":12396778844}},{"type":"Feature","geometry":{"type":"Point","coordinates":[-113.06158,37.67751]},"properties":{"brand":"Flock Safety","zone":"traffic","osm":13109855970}},{"type":"Feature","geometry":{"type":"Point","coordinates":[-90.09618,32.42114]},"properties":{"brand":"Flock Safety","zone":"traffic","osm":12702980497}},{"type":"Feature","geometry":{"type":"Point","coordinates":[-79.26193,33.3664]},"properties":{"brand":"Flock Safety","zone":"traffic","osm":12469892538}},{"type":"Feature","geometry":{"type":"Point","coordinates":[-100.80064,41.14361]},"properties":{"brand":"Flock Safety","zone":"","osm":13097633311}},{"type":"Feature","geometry":{"type":"Point","coordinates":[-110.73495,38.37832]},"properties":{"brand":"Flock Safety","zone":"traffic","osm":13507440401}},{"type":"Feature","geometry":{"type":"Point","coordinates":[-88.48432,43.7847]},"properties":{"brand":"Flock Safety","zone":"traffic","osm":12397281216}},{"type":"Feature","geometry":{"type":"Point","coordinates":[-106.26591,31.80516]},"properties":{"brand":"Flock Safety","zone":"","osm":13076898200}},{"type":"Feature","geometry":{"type":"Point","coordinates":[-85.56092,44.78541]},"properties":{"brand":"Flock Safety","zone":"traffic","osm":12485419811}},{"type":"Feature","geometry":{"type":"Point","coordinates":[-95.08375,45.12713]},"properties":{"brand":"Flock Safety","zone":"","osm":13119598417}},{"type":"Feature","geometry":{"type":"Point","coordinates":[-93.08574,47.39474]},"properties":{"brand":"Flock Safety","zone":"traffic","osm":13345167201}},{"type":"Feature","geometry":{"type":"Point","coordinates":[-81.77244,26.21202]},"properties":{"brand":"Flock Safety","zone":"traffic","osm":12800499020}},{"type":"Feature","geometry":{"type":"Point","coordinates":[-110.0659,34.39509]},"properties":{"brand":"Flock Safety","zone":"traffic","osm":13356684501}},{"type":"Feature","geometry":{"type":"Point","coordinates":[-115.11886,36.07138]},"properties":{"brand":"Flock Safety","zone":"","osm":13070085101}},{"type":"Feature","geometry":{"type":"Point","coordinates":[-90.66043,46.32454]},"properties":{"brand":"Flock Safety","zone":"traffic","osm":13381743701}},{"type":"Feature","geometry":{"type":"Point","coordinates":[-99.1235,30.01172]},"properties":{"brand":"Leonardo","zone":"traffic","osm":13354506501}},{"type":"Feature","geometry":{"type":"Point","coordinates":[-117.73511,38.02595]},"properties":{"brand":"Flock Safety","zone":"traffic","osm":13979738201}},{"type":"Feature","geometry":{"type":"Point","coordinates":[-99.49568,27.57831]},"properties":{"brand":"Flock Safety","zone":"traffic","osm":13261765330}},{"type":"Feature","geometry":{"type":"Point","coordinates":[-124.11086,41.03203]},"properties":{"brand":"Flock Safety","zone":"","osm":13171238386}},{"type":"Feature","geometry":{"type":"Point","coordinates":[-122.4594,48.77058]},"properties":{"brand":"Flock Safety","zone":"traffic","osm":13838122101}},{"type":"Feature","geometry":{"type":"Point","coordinates":[-103.41946,46.90184]},"properties":{"brand":"Flock Safety","zone":"traffic","osm":13976303102}},{"type":"Feature","geometry":{"type":"Point","coordinates":[-105.43464,31.19299]},"properties":{"brand":"Flock Safety","zone":"traffic","osm":13644405196}},{"type":"Feature","geometry":{"type":"Point","coordinates":[-103.65089,41.87411]},"properties":{"brand":"Flock Safety","zone":"","osm":13289983964}},{"type":"Feature","geometry":{"type":"Point","coordinates":[-100.80244,36.36538]},"properties":{"brand":"Flock Safety","zone":"","osm":13150171114}},{"type":"Feature","geometry":{"type":"Point","coordinates":[-99.70485,32.46599]},"properties":{"brand":"Flock Safety","zone":"","osm":13171656683}},{"type":"Feature","geometry":{"type":"Point","coordinates":[-115.26534,36.27107]},"properties":{"brand":"Flock Safety","zone":"","osm":13208533186}},{"type":"Feature","geometry":{"type":"Point","coordinates":[-108.5397,45.77935]},"properties":{"brand":"Flock Safety","zone":"traffic","osm":13734456901}},{"type":"Feature","geometry":{"type":"Point","coordinates":[-114.40647,42.9361]},"properties":{"brand":"Flock Safety","zone":"","osm":13092810109}},{"type":"Feature","geometry":{"type":"Point","coordinates":[-99.01167,41.39355]},"properties":{"brand":"Flock Safety","zone":"traffic","osm":13574961032}},{"type":"Feature","geometry":{"type":"Point","coordinates":[-103.32296,44.17078]},"properties":{"brand":"Flock Safety","zone":"traffic","osm":13944205701}},{"type":"Feature","geometry":{"type":"Point","coordinates":[-101.71566,41.11352]},"properties":{"brand":"Flock Safety","zone":"","osm":13517924568}},{"type":"Feature","geometry":{"type":"Point","coordinates":[-101.84682,30.74069]},"properties":{"brand":"Flock Safety","zone":"traffic","osm":13639760641}},{"type":"Feature","geometry":{"type":"Point","coordinates":[-65.97615,18.25382]},"properties":{"brand":"Motorola Solutions","zone":"traffic","osm":13205427201}},{"type":"Feature","geometry":{"type":"Point","coordinates":[-70.21109,44.09662]},"properties":{"brand":"Flock Safety","zone":"","osm":13353381503}},{"type":"Feature","geometry":{"type":"Point","coordinates":[-109.56828,40.43576]},"properties":{"brand":"Flock Safety","zone":"traffic","osm":13770661301}},{"type":"Feature","geometry":{"type":"Point","coordinates":[-101.34832,37.1885]},"properties":{"brand":"Flock Safety","zone":"traffic","osm":13315445101}},{"type":"Feature","geometry":{"type":"Point","coordinates":[-124.18452,41.75249]},"properties":{"brand":"Flock Safety","zone":"traffic","osm":13374559402}},{"type":"Feature","geometry":{"type":"Point","coordinates":[-73.49481,44.70275]},"properties":{"brand":"Flock Safety","zone":"traffic","osm":13591849701}},{"type":"Feature","geometry":{"type":"Point","coordinates":[-156.46201,20.84814]},"properties":{"brand":"Motorola Solutions","zone":"","osm":13335357511}},{"type":"Feature","geometry":{"type":"Point","coordinates":[-155.97192,19.62283]},"properties":{"brand":"Flock Safety","zone":"traffic","osm":14093585901}},{"type":"Feature","geometry":{"type":"Point","coordinates":[-111.68269,43.97186]},"properties":{"brand":"Flock Safety","zone":"traffic","osm":14067018001}},{"type":"Feature","geometry":{"type":"Point","coordinates":[-68.60723,45.37534]},"properties":{"brand":"Leonardo","zone":"traffic","osm":14127034602}},{"type":"Feature","geometry":{"type":"Point","coordinates":[-84.29483,46.59792]},"properties":{"brand":"Sault Ste. Marie Police Service","zone":"traffic","osm":13927903858}},{"type":"Feature","geometry":{"type":"Point","coordinates":[-79.77122,43.7642]},"properties":{"brand":"Genetec","zone":"traffic","osm":12955109697}},{"type":"Feature","geometry":{"type":"Point","coordinates":[-80.9077,46.53693]},"properties":{"brand":"Dahua Technology","zone":"traffic","osm":13591402387}},{"type":"Feature","geometry":{"type":"Point","coordinates":[-76.96051,44.25743]},"properties":{"brand":"Flock Safety","zone":"traffic","osm":13427757301}},{"type":"Feature","geometry":{"type":"Point","coordinates":[-81.85726,35.31685]},"properties":{"brand":"Flock Safety","zone":"traffic","osm":12337741277}},{"type":"Feature","geometry":{"type":"Point","coordinates":[-81.7088,28.55194]},"properties":{"brand":"Avigilon","zone":"building","osm":6262363407}},{"type":"Feature","geometry":{"type":"Point","coordinates":[-101.81204,35.22208]},"properties":{"brand":"Flock Safety","zone":"traffic","osm":12485276355}},{"type":"Feature","geometry":{"type":"Point","coordinates":[-121.88394,36.30703]},"properties":{"brand":"Flock Safety","zone":"traffic","osm":484132967}},{"type":"Feature","geometry":{"type":"Point","coordinates":[-121.8201,45.72274]},"properties":{"brand":"Flock Safety","zone":"traffic","osm":12479579415}},{"type":"Feature","geometry":{"type":"Point","coordinates":[-75.31918,43.08976]},"properties":{"brand":"Flock Safety","zone":"traffic","osm":7227835213}},{"type":"Feature","geometry":{"type":"Point","coordinates":[-111.72272,32.87862]},"properties":{"brand":"Flock Safety","zone":"traffic","osm":12322930024}},{"type":"Feature","geometry":{"type":"Point","coordinates":[-73.88014,41.19431]},"properties":{"brand":"Rekor","zone":"traffic","osm":254616972}},{"type":"Feature","geometry":{"type":"Point","coordinates":[-105.03262,39.72605]},"properties":{"brand":"Flock Safety","zone":"","osm":6372826020}},{"type":"Feature","geometry":{"type":"Point","coordinates":[-87.85471,30.65795]},"properties":{"brand":"Flock Safety","zone":"parking","osm":12408352118}},{"type":"Feature","geometry":{"type":"Point","coordinates":[-87.22399,37.94721]},"properties":{"brand":"Flock Safety","zone":"traffic","osm":12344036030}},{"type":"Feature","geometry":{"type":"Point","coordinates":[-86.79357,33.50709]},"properties":{"brand":"Flock Safety","zone":"traffic","osm":12342543427}},{"type":"Feature","geometry":{"type":"Point","coordinates":[-121.1361,39.33613]},"properties":{"brand":"Flock Safety","zone":"traffic","osm":12417498373}},{"type":"Feature","geometry":{"type":"Point","coordinates":[-73.67902,41.4205]},"properties":{"brand":"Rekor","zone":"traffic","osm":261535050}},{"type":"Feature","geometry":{"type":"Point","coordinates":[-71.06407,42.37118]},"properties":{"brand":"Massachusetts Department of Transportation","zone":"traffic","osm":1098970424}},{"type":"Feature","geometry":{"type":"Point","coordinates":[-84.18737,33.98977]},"properties":{"brand":"Flock Safety","zone":"traffic","osm":2511781906}},{"type":"Feature","geometry":{"type":"Point","coordinates":[-96.86841,32.64762]},"properties":{"brand":"Flock Safety","zone":"traffic","osm":4193264256}},{"type":"Feature","geometry":{"type":"Point","coordinates":[-121.21592,38.72935]},"properties":{"brand":"Flock Safety","zone":"traffic","osm":12372669218}},{"type":"Feature","geometry":{"type":"Point","coordinates":[-81.79487,28.82687]},"properties":{"brand":"avigilon","zone":"traffic","osm":6262263286}},{"type":"Feature","geometry":{"type":"Point","coordinates":[-80.40749,27.67505]},"properties":{"brand":"Flock Safety","zone":"traffic","osm":10155926086}},{"type":"Feature","geometry":{"type":"Point","coordinates":[-81.18453,28.82107]},"properties":{"brand":"Flock Safety","zone":"traffic","osm":12452470939}},{"type":"Feature","geometry":{"type":"Point","coordinates":[-85.9967,40.03236]},"properties":{"brand":"Flock Safety","zone":"traffic","osm":9032934626}},{"type":"Feature","geometry":{"type":"Point","coordinates":[-97.61257,38.87532]},"properties":{"brand":"Flock Safety","zone":"traffic","osm":12670265600}},{"type":"Feature","geometry":{"type":"Point","coordinates":[-117.63485,33.88479]},"properties":{"brand":"ALPR","zone":"traffic","osm":1832733499}},{"type":"Feature","geometry":{"type":"Point","coordinates":[-97.44404,37.70863]},"properties":{"brand":"Flock Safety","zone":"traffic","osm":12368897449}},{"type":"Feature","geometry":{"type":"Point","coordinates":[-90.46571,29.82977]},"properties":{"brand":"ALPR","zone":"traffic","osm":123704380}},{"type":"Feature","geometry":{"type":"Point","coordinates":[-96.7513,43.51453]},"properties":{"brand":"Flock Safety","zone":"traffic","osm":12631936639}},{"type":"Feature","geometry":{"type":"Point","coordinates":[-97.76272,29.62759]},"properties":{"brand":"ALPR","zone":"traffic","osm":11571679716}},{"type":"Feature","geometry":{"type":"Point","coordinates":[-98.20405,26.19214]},"properties":{"brand":"Flock Safety","zone":"traffic","osm":13348517601}},{"type":"Feature","geometry":{"type":"Point","coordinates":[-95.7155,30.39924]},"properties":{"brand":"Flock Safety","zone":"traffic","osm":10281110032}},{"type":"Feature","geometry":{"type":"Point","coordinates":[-85.20424,38.2106]},"properties":{"brand":"Flock Safety","zone":"traffic","osm":11943200605}},{"type":"Feature","geometry":{"type":"Point","coordinates":[-81.13806,35.26353]},"properties":{"brand":"Flock Safety","zone":"","osm":7113452084}},{"type":"Feature","geometry":{"type":"Point","coordinates":[-115.55085,32.95976]},"properties":{"brand":"Flock Safety","zone":"","osm":12947736745}},{"type":"Feature","geometry":{"type":"Point","coordinates":[-107.34573,39.55584]},"properties":{"brand":"Flock Safety","zone":"traffic","osm":12758719299}},{"type":"Feature","geometry":{"type":"Point","coordinates":[-107.88182,37.27015]},"properties":{"brand":"ALPR","zone":"traffic","osm":12755632083}},{"type":"Feature","geometry":{"type":"Point","coordinates":[-85.87897,41.6118]},"properties":{"brand":"Flock Safety","zone":"traffic","osm":7998287009}},{"type":"Feature","geometry":{"type":"Point","coordinates":[-94.59059,39.05318]},"properties":{"brand":"Genetec","zone":"traffic","osm":5237520239}},{"type":"Feature","geometry":{"type":"Point","coordinates":[-78.83288,39.63889]},"properties":{"brand":"Flock Safety","zone":"traffic","osm":2360252398}},{"type":"Feature","geometry":{"type":"Point","coordinates":[-82.4146,39.54165]},"properties":{"brand":"Flock Safety","zone":"traffic","osm":9643171021}},{"type":"Feature","geometry":{"type":"Point","coordinates":[-78.36862,38.23943]},"properties":{"brand":"Flock Safety","zone":"traffic","osm":9563746972}},{"type":"Feature","geometry":{"type":"Point","coordinates":[-101.9397,33.578]},"properties":{"brand":"Flock Safety","zone":"traffic","osm":12614314233}},{"type":"Feature","geometry":{"type":"Point","coordinates":[-96.11295,33.0958]},"properties":{"brand":"Flock Safety","zone":"traffic","osm":12812385799}},{"type":"Feature","geometry":{"type":"Point","coordinates":[-89.52911,44.52355]},"properties":{"brand":"Flock Safety","zone":"traffic","osm":12397191961}},{"type":"Feature","geometry":{"type":"Point","coordinates":[-86.29917,41.32395]},"properties":{"brand":"Flock Safety","zone":"traffic","osm":7079659182}},{"type":"Feature","geometry":{"type":"Point","coordinates":[-73.61723,40.84965]},"properties":{"brand":"Leonardo","zone":"traffic","osm":12408186726}},{"type":"Feature","geometry":{"type":"Point","coordinates":[-117.69211,33.69432]},"properties":{"brand":"ALPR","zone":"traffic","osm":353979309}},{"type":"Feature","geometry":{"type":"Point","coordinates":[-118.82302,34.16085]},"properties":{"brand":"TOPD","zone":"street","osm":11880364706}},{"type":"Feature","geometry":{"type":"Point","coordinates":[-92.74261,44.98353]},"properties":{"brand":"Flock Safety","zone":"traffic","osm":12333489525}},{"type":"Feature","geometry":{"type":"Point","coordinates":[-88.83578,41.37782]},"properties":{"brand":"Flock Safety","zone":"traffic","osm":12337646728}},{"type":"Feature","geometry":{"type":"Point","coordinates":[-88.10206,40.44553]},"properties":{"brand":"Flock Safety","zone":"traffic","osm":11174744058}},{"type":"Feature","geometry":{"type":"Point","coordinates":[-95.23013,42.65197]},"properties":{"brand":"Flock Safety","zone":"traffic","osm":12500734737}},{"type":"Feature","geometry":{"type":"Point","coordinates":[-67.15278,18.40905]},"properties":{"brand":"Flock Safety","zone":"traffic","osm":14000077901}},{"type":"Feature","geometry":{"type":"Point","coordinates":[-77.60415,38.79574]},"properties":{"brand":"Flock Safety","zone":"traffic","osm":5604860593}},{"type":"Feature","geometry":{"type":"Point","coordinates":[-77.23012,42.97625]},"properties":{"brand":"ALPR","zone":"traffic","osm":10945232514}},{"type":"Feature","geometry":{"type":"Point","coordinates":[-111.66058,35.17815]},"properties":{"brand":"Flock Safety","zone":"","osm":12874188492}},{"type":"Feature","geometry":{"type":"Point","coordinates":[-121.29534,38.83148]},"properties":{"brand":"Flock Safety","zone":"traffic","osm":12418061133}},{"type":"Feature","geometry":{"type":"Point","coordinates":[-94.7268,46.99763]},"properties":{"brand":"Flock Safety","zone":"traffic","osm":13364654802}},{"type":"Feature","geometry":{"type":"Point","coordinates":[-92.24886,38.83987]},"properties":{"brand":"Leonardo","zone":"traffic","osm":12627037931}},{"type":"Feature","geometry":{"type":"Point","coordinates":[-118.35648,46.06872]},"properties":{"brand":"Flock Safety","zone":"traffic","osm":12485378158}},{"type":"Feature","geometry":{"type":"Point","coordinates":[-122.22811,47.62107]},"properties":{"brand":"ALPR","zone":"","osm":9875062956}},{"type":"Feature","geometry":{"type":"Point","coordinates":[-97.65816,35.56686]},"properties":{"brand":"ALPR","zone":"traffic","osm":11001547583}},{"type":"Feature","geometry":{"type":"Point","coordinates":[-79.20643,37.36412]},"properties":{"brand":"Flock Safety","zone":"traffic","osm":11918802048}},{"type":"Feature","geometry":{"type":"Point","coordinates":[-75.66732,36.01075]},"properties":{"brand":"Flock Safety","zone":"traffic","osm":12832284671}},{"type":"Feature","geometry":{"type":"Point","coordinates":[-83.27005,33.09927]},"properties":{"brand":"Flock Safety","zone":"traffic","osm":12351944538}},{"type":"Feature","geometry":{"type":"Point","coordinates":[-89.6574,39.81245]},"properties":{"brand":"Flock Safety","zone":"traffic","osm":11055592202}},{"type":"Feature","geometry":{"type":"Point","coordinates":[-92.17089,38.56828]},"properties":{"brand":"Flock Safety","zone":"traffic","osm":12627034961}},{"type":"Feature","geometry":{"type":"Point","coordinates":[-106.56898,35.12367]},"properties":{"brand":"Genetec","zone":"traffic","osm":12708058138}},{"type":"Feature","geometry":{"type":"Point","coordinates":[-90.39229,38.41535]},"properties":{"brand":"Flock Safety","zone":"traffic","osm":12347038997}},{"type":"Feature","geometry":{"type":"Point","coordinates":[-94.70453,37.44035]},"properties":{"brand":"Flock Safety","zone":"traffic","osm":12367018542}},{"type":"Feature","geometry":{"type":"Point","coordinates":[-110.95462,32.40038]},"properties":{"brand":"Flock Safety","zone":"traffic","osm":12772756695}},{"type":"Feature","geometry":{"type":"Point","coordinates":[-92.88168,42.04935]},"properties":{"brand":"Flock Safety","zone":"traffic","osm":12550793429}},{"type":"Feature","geometry":{"type":"Point","coordinates":[-84.44961,33.48157]},"properties":{"brand":"Flock Safety","zone":"traffic","osm":12376272929}},{"type":"Feature","geometry":{"type":"Point","coordinates":[-81.38256,41.49046]},"properties":{"brand":"Flock Safety","zone":"traffic","osm":9614990545}},{"type":"Feature","geometry":{"type":"Point","coordinates":[-92.32117,34.72478]},"properties":{"brand":"Flock Safety","zone":"traffic","osm":12637781426}},{"type":"Feature","geometry":{"type":"Point","coordinates":[-112.00749,41.26728]},"properties":{"brand":"Flock Safety","zone":"","osm":13278715889}},{"type":"Feature","geometry":{"type":"Point","coordinates":[-116.35279,43.63587]},"properties":{"brand":"Flock Safety","zone":"","osm":13080713831}},{"type":"Feature","geometry":{"type":"Point","coordinates":[-120.53015,46.58514]},"properties":{"brand":"Flock Safety","zone":"","osm":9414099922}},{"type":"Feature","geometry":{"type":"Point","coordinates":[-86.72601,34.30718]},"properties":{"brand":"Flock Safety","zone":"traffic","osm":12187369981}},{"type":"Feature","geometry":{"type":"Point","coordinates":[-114.33184,48.23711]},"properties":{"brand":"Flock Safety","zone":"","osm":13076892913}},{"type":"Feature","geometry":{"type":"Point","coordinates":[-106.01369,35.64307]},"properties":{"brand":"Flock Safety","zone":"parking","osm":13191524200}},{"type":"Feature","geometry":{"type":"Point","coordinates":[-76.19305,36.91823]},"properties":{"brand":"Flock Safety","zone":"traffic","osm":12383650905}},{"type":"Feature","geometry":{"type":"Point","coordinates":[-78.81381,42.8969]},"properties":{"brand":"Genetec","zone":"traffic","osm":10828130069}},{"type":"Feature","geometry":{"type":"Point","coordinates":[-95.97569,35.97869]},"properties":{"brand":"Flock Safety","zone":"residential;traffic","osm":10908217417}},{"type":"Feature","geometry":{"type":"Point","coordinates":[-157.85356,21.3031]},"properties":{"brand":"Motorola Solutions","zone":"traffic","osm":13551002101}},{"type":"Feature","geometry":{"type":"Point","coordinates":[-97.07321,47.89066]},"properties":{"brand":"Flock Safety","zone":"traffic","osm":11740107903}},{"type":"Feature","geometry":{"type":"Point","coordinates":[-123.80491,46.97057]},"properties":{"brand":"Flock Safety","zone":"","osm":12872422826}},{"type":"Feature","geometry":{"type":"Point","coordinates":[-78.65577,35.7172]},"properties":{"brand":"Flock Safety","zone":"traffic","osm":12414831525}},{"type":"Feature","geometry":{"type":"Point","coordinates":[-80.24698,26.23851]},"properties":{"brand":"Flock Safety","zone":"traffic","osm":12340698742}},{"type":"Feature","geometry":{"type":"Point","coordinates":[-82.14602,36.62757]},"properties":{"brand":"Flock Safety","zone":"traffic","osm":12383378735}},{"type":"Feature","geometry":{"type":"Point","coordinates":[-100.98967,35.53321]},"properties":{"brand":"Flock Safety","zone":"","osm":13156940346}},{"type":"Feature","geometry":{"type":"Point","coordinates":[-93.71219,32.61543]},"properties":{"brand":"Flock Safety","zone":"traffic","osm":12409482738}},{"type":"Feature","geometry":{"type":"Point","coordinates":[-85.64102,30.18966]},"properties":{"brand":"Flock Safety","zone":"traffic","osm":11153464561}},{"type":"Feature","geometry":{"type":"Point","coordinates":[-96.76952,44.29686]},"properties":{"brand":"Flock Safety","zone":"","osm":12871920061}},{"type":"Feature","geometry":{"type":"Point","coordinates":[-75.95899,43.97314]},"properties":{"brand":"Flock Safety","zone":"traffic","osm":13657041201}},{"type":"Feature","geometry":{"type":"Point","coordinates":[-105.94329,32.92632]},"properties":{"brand":"Flock Safety","zone":"","osm":12959226982}},{"type":"Feature","geometry":{"type":"Point","coordinates":[-117.40901,47.71845]},"properties":{"brand":"Flock Safety","zone":"traffic","osm":12401111214}},{"type":"Feature","geometry":{"type":"Point","coordinates":[-122.82333,42.33359]},"properties":{"brand":"Flock Safety","zone":"traffic","osm":12336547265}},{"type":"Feature","geometry":{"type":"Point","coordinates":[-97.12767,27.92522]},"properties":{"brand":"Flock Safety","zone":"","osm":12908596662}},{"type":"Feature","geometry":{"type":"Point","coordinates":[-89.68079,35.00892]},"properties":{"brand":"Flock Safety","zone":"traffic","osm":12344847008}},{"type":"Feature","geometry":{"type":"Point","coordinates":[-111.79728,40.44724]},"properties":{"brand":"Flock Safety","zone":"","osm":12557429646}},{"type":"Feature","geometry":{"type":"Point","coordinates":[-104.70198,38.72024]},"properties":{"brand":"Flock Safety","zone":"traffic","osm":12780211219}},{"type":"Feature","geometry":{"type":"Point","coordinates":[-110.7941,43.46658]},"properties":{"brand":"Flock Safety","zone":"traffic","osm":12636270613}},{"type":"Feature","geometry":{"type":"Point","coordinates":[-121.17938,44.26965]},"properties":{"brand":"Motorola Solutions","zone":"traffic","osm":12682509398}},{"type":"Feature","geometry":{"type":"Point","coordinates":[-92.03231,30.23956]},"properties":{"brand":"Flock Safety","zone":"traffic","osm":12396782937}},{"type":"Feature","geometry":{"type":"Point","coordinates":[-113.06192,37.67725]},"properties":{"brand":"Flock Safety","zone":"traffic","osm":13109878227}},{"type":"Feature","geometry":{"type":"Point","coordinates":[-90.12121,32.42544]},"properties":{"brand":"Flock Safety","zone":"traffic","osm":12702982802}},{"type":"Feature","geometry":{"type":"Point","coordinates":[-79.7341,32.897]},"properties":{"brand":"Flock Safety","zone":"traffic","osm":12469906565}},{"type":"Feature","geometry":{"type":"Point","coordinates":[-100.79149,41.12629]},"properties":{"brand":"Flock Safety","zone":"","osm":13097637826}},{"type":"Feature","geometry":{"type":"Point","coordinates":[-110.73662,38.37789]},"properties":{"brand":"Flock Safety","zone":"traffic","osm":13507443701}},{"type":"Feature","geometry":{"type":"Point","coordinates":[-88.50226,43.80671]},"properties":{"brand":"Flock Safety","zone":"traffic","osm":12397281217}},{"type":"Feature","geometry":{"type":"Point","coordinates":[-106.26606,31.80587]},"properties":{"brand":"Flock Safety","zone":"","osm":13076910901}},{"type":"Feature","geometry":{"type":"Point","coordinates":[-85.62023,44.74316]},"properties":{"brand":"Flock Safety","zone":"traffic","osm":12485419812}},{"type":"Feature","geometry":{"type":"Point","coordinates":[-95.04243,45.09471]},"properties":{"brand":"Flock Safety","zone":"","osm":13119598418}},{"type":"Feature","geometry":{"type":"Point","coordinates":[-92.95613,47.4006]},"properties":{"brand":"Flock Safety","zone":"traffic","osm":13354582603}},{"type":"Feature","geometry":{"type":"Point","coordinates":[-81.68707,26.21218]},"properties":{"brand":"Flock Safety","zone":"traffic","osm":12800514112}},{"type":"Feature","geometry":{"type":"Point","coordinates":[-110.02334,34.27044]},"properties":{"brand":"Flock Safety","zone":"traffic","osm":13356685201}},{"type":"Feature","geometry":{"type":"Point","coordinates":[-115.15503,36.12922]},"properties":{"brand":"Flock Safety","zone":"","osm":13070085102}},{"type":"Feature","geometry":{"type":"Point","coordinates":[-89.94237,46.47681]},"properties":{"brand":"Flock Safety","zone":"traffic","osm":13920473405}},{"type":"Feature","geometry":{"type":"Point","coordinates":[-99.12386,30.01236]},"properties":{"brand":"Leonardo","zone":"traffic","osm":13357896601}},{"type":"Feature","geometry":{"type":"Point","coordinates":[-99.44877,27.60135]},"properties":{"brand":"Flock Safety","zone":"traffic","osm":13281559555}},{"type":"Feature","geometry":{"type":"Point","coordinates":[-123.99805,40.88446]},"properties":{"brand":"Flock Safety","zone":"","osm":13309294440}},{"type":"Feature","geometry":{"type":"Point","coordinates":[-122.48546,48.94588]},"properties":{"brand":"Flock Safety","zone":"traffic","osm":14077913901}},{"type":"Feature","geometry":{"type":"Point","coordinates":[-103.52805,46.9145]},"properties":{"brand":"Flock Safety","zone":"traffic","osm":13993863301}},{"type":"Feature","geometry":{"type":"Point","coordinates":[-105.43442,31.19292]},"properties":{"brand":"Flock Safety","zone":"traffic","osm":13644411235}},{"type":"Feature","geometry":{"type":"Point","coordinates":[-103.67541,41.84788]},"properties":{"brand":"Flock Safety","zone":"traffic","osm":13340819401}},{"type":"Feature","geometry":{"type":"Point","coordinates":[-101.00033,36.30533]},"properties":{"brand":"Flock Safety","zone":"","osm":13153125129}},{"type":"Feature","geometry":{"type":"Point","coordinates":[-100.91768,32.71208]},"properties":{"brand":"Flock Safety","zone":"","osm":13270300667}}]}